# Gate rows: key, tier, deps (tools/gate_rows.py --write keeps listed rows).
# tier n1: `make check1` may run the row when the diff touches one of its deps.
# tier n2: only the full gate (`make ci`) runs it. deps: space-separated globs.
aarch64 boots (ARMv8.5)	n2	crates/core/arch-aarch64/** kernel/linker-aarch64.ld kernel/src/entry/**
aarch64 boots (ARMv8.0)	n2	crates/core/arch-aarch64/** kernel/linker-aarch64.ld kernel/src/entry/**
aarch64 boots at EL2 (ARMv8.5)	n2	crates/core/arch-aarch64/** kernel/linker-aarch64.ld kernel/src/entry/**
aarch64 kernel boots (EL1)	n2	crates/core/arch-aarch64/** kernel/linker-aarch64.ld kernel/src/entry/**
aarch64 kernel boots (EL2)	n2	crates/core/arch-aarch64/** kernel/linker-aarch64.ld kernel/src/entry/**
aarch64 kernel boots (EL1, -smp 4)	n2	crates/core/sched/** crates/core/percpu/** crates/core/sync/** kernel/src/tasks/** kernel/src/rt_smoke.rs crates/core/arch-aarch64/** kernel/linker-aarch64.ld kernel/src/entry/**
aarch64 shell answers help	n1	userspace/** crates/core/abi/** crates/core/syscall/** crates/core/libsys/** crates/core/shell/** crates/core/arch-aarch64/** kernel/linker-aarch64.ld kernel/src/entry/**
aarch64 pl011 rx irq count	n2	crates/drivers/** kernel/src/drv_supervisor.rs kernel/src/console_mode.rs crates/core/arch-aarch64/** kernel/linker-aarch64.ld kernel/src/entry/**
aarch64 userspace	n1	userspace/** crates/core/abi/** crates/core/syscall/** crates/core/libsys/** crates/core/shell/** crates/core/arch-aarch64/** kernel/linker-aarch64.ld kernel/src/entry/**
aarch64 network: NIC found + MAC	n1	crates/net/** crates/drivers/net/** crates/drivers/virtio/** crates/core/arch-aarch64/** kernel/linker-aarch64.ld kernel/src/entry/**
aarch64 network: DHCP lease	n1	crates/net/** crates/drivers/net/** crates/drivers/virtio/** crates/core/sched/** crates/core/percpu/** crates/core/sync/** kernel/src/tasks/** kernel/src/rt_smoke.rs crates/core/ipc/** crates/core/channel/** crates/core/pubsub/** crates/core/spsc/** crates/core/service/** crates/core/arch-aarch64/** kernel/linker-aarch64.ld kernel/src/entry/**
aarch64 tlb: stale access faults	n1	crates/core/mm/** crates/core/percpu/** crates/core/arch-aarch64/** kernel/linker-aarch64.ld kernel/src/entry/**
aarch64 tlb: canary reads stale data	n1	crates/core/mm/** crates/core/percpu/** crates/core/arch-aarch64/** kernel/linker-aarch64.ld kernel/src/entry/**
aarch64 sensors: IMU stamped at acquisition	n1	crates/net/** crates/drivers/net/** crates/drivers/virtio/** crates/drivers/** kernel/src/drv_supervisor.rs kernel/src/console_mode.rs crates/core/arch-aarch64/** kernel/linker-aarch64.ld kernel/src/entry/**
aarch64 sensors: canary (frozen stamp is stale)	n1	crates/drivers/** kernel/src/drv_supervisor.rs kernel/src/console_mode.rs crates/core/arch-aarch64/** kernel/linker-aarch64.ld kernel/src/entry/**
aarch64: sched hooks	n2	crates/core/sched/** crates/core/percpu/** crates/core/sync/** kernel/src/tasks/** kernel/src/rt_smoke.rs crates/core/arch-aarch64/** kernel/linker-aarch64.ld kernel/src/entry/**
aarch64: flight recorder	n1	crates/core/actuation/** domains/robot/** kernel/src/panic.rs kernel/src/behavior_*.rs crates/core/trace/** kernel/src/lat_trace.rs crates/core/arch-aarch64/** kernel/linker-aarch64.ld kernel/src/entry/**
aarch64 abitest	n1	userspace/** crates/core/abi/** crates/core/syscall/** crates/core/libsys/** crates/core/shell/** crates/core/arch-aarch64/** kernel/linker-aarch64.ld kernel/src/entry/**
aarch64 driver restarted	n1	crates/drivers/** kernel/src/drv_supervisor.rs kernel/src/console_mode.rs crates/core/arch-aarch64/** kernel/linker-aarch64.ld kernel/src/entry/**
aarch64 ipctest	n2	crates/core/ipc/** crates/core/channel/** crates/core/pubsub/** crates/core/spsc/** crates/core/service/** userspace/** crates/core/abi/** crates/core/syscall/** crates/core/libsys/** crates/core/shell/** crates/core/arch-aarch64/** kernel/linker-aarch64.ld kernel/src/entry/**
aarch64 preemption (qemu)	n1	crates/core/sched/** crates/core/percpu/** crates/core/sync/** kernel/src/tasks/** kernel/src/rt_smoke.rs crates/core/arch-aarch64/** kernel/linker-aarch64.ld kernel/src/entry/**
aarch64 captest	n1	userspace/** crates/core/abi/** crates/core/syscall/** crates/core/libsys/** crates/core/shell/** crates/core/topology/** crates/core/ota/** crates/core/crypto/** crates/core/config/** crates/core/azos-config/** crates/core/arch-aarch64/** kernel/linker-aarch64.ld kernel/src/entry/**
aarch64 ring-3 drivers	n1	crates/core/ipc/** crates/core/channel/** crates/core/pubsub/** crates/core/spsc/** crates/core/service/** crates/drivers/** kernel/src/drv_supervisor.rs kernel/src/console_mode.rs crates/core/arch-aarch64/** kernel/linker-aarch64.ld kernel/src/entry/**
aarch64 start=true drivers supervised	n1	crates/drivers/** kernel/src/drv_supervisor.rs kernel/src/console_mode.rs crates/core/arch-aarch64/** kernel/linker-aarch64.ld kernel/src/entry/**
aarch64 INA219 placed in kernel	n2	crates/core/ipc/** crates/core/channel/** crates/core/pubsub/** crates/core/spsc/** crates/core/service/** crates/drivers/** kernel/src/drv_supervisor.rs kernel/src/console_mode.rs crates/core/arch-aarch64/** kernel/linker-aarch64.ld kernel/src/entry/**
aarch64 INA219 placement canary	n2	crates/core/ipc/** crates/core/channel/** crates/core/pubsub/** crates/core/spsc/** crates/core/service/** crates/drivers/** kernel/src/drv_supervisor.rs kernel/src/console_mode.rs crates/core/arch-aarch64/** kernel/linker-aarch64.ld kernel/src/entry/**
aarch64 restart = always / no	n2	crates/drivers/** kernel/src/drv_supervisor.rs kernel/src/console_mode.rs crates/core/arch-aarch64/** kernel/linker-aarch64.ld kernel/src/entry/**
aarch64 restart key canary	n2	crates/drivers/** kernel/src/drv_supervisor.rs kernel/src/console_mode.rs crates/core/topology/** crates/core/ota/** crates/core/crypto/** crates/core/config/** crates/core/azos-config/** crates/core/arch-aarch64/** kernel/linker-aarch64.ld kernel/src/entry/**
aarch64 buzzer placed in kernel	n2	crates/core/ipc/** crates/core/channel/** crates/core/pubsub/** crates/core/spsc/** crates/core/service/** crates/drivers/** kernel/src/drv_supervisor.rs kernel/src/console_mode.rs crates/core/arch-aarch64/** kernel/linker-aarch64.ld kernel/src/entry/**
mem quota: refusals>0 (N)	n1	crates/core/ipc/** crates/core/channel/** crates/core/pubsub/** crates/core/spsc/** crates/core/service/** crates/core/mm/** crates/core/percpu/** crates/core/topology/** crates/core/ota/** crates/core/crypto/** crates/core/config/** crates/core/azos-config/** crates/core/arch-riscv64/** kernel/linker.ld kernel/src/entry/**
fork refusal names its site	n1	crates/core/mm/** crates/core/percpu/** crates/core/arch-riscv64/** kernel/linker.ld kernel/src/entry/**
aarch64 fork refusal site	n1	crates/core/mm/** crates/core/percpu/** crates/core/arch-aarch64/** kernel/linker-aarch64.ld kernel/src/entry/**
exit: notice after teardown	n1	userspace/** crates/core/abi/** crates/core/syscall/** crates/core/libsys/** crates/core/shell/** crates/core/arch-riscv64/** kernel/linker.ld kernel/src/entry/**
aarch64 exit notice order	n1	userspace/** crates/core/abi/** crates/core/syscall/** crates/core/libsys/** crates/core/shell/** crates/core/arch-aarch64/** kernel/linker-aarch64.ld kernel/src/entry/**
exit: unreaped notices kept	n1	userspace/** crates/core/abi/** crates/core/syscall/** crates/core/libsys/** crates/core/shell/** crates/core/arch-riscv64/** kernel/linker.ld kernel/src/entry/**
aarch64 unreaped notices	n1	userspace/** crates/core/abi/** crates/core/syscall/** crates/core/libsys/** crates/core/shell/** crates/core/arch-aarch64/** kernel/linker-aarch64.ld kernel/src/entry/**
proc: hidepid view	n1	userspace/** crates/core/abi/** crates/core/syscall/** crates/core/libsys/** crates/core/shell/** crates/core/arch-riscv64/** kernel/linker.ld kernel/src/entry/**
aarch64 proc: hidepid view	n1	userspace/** crates/core/abi/** crates/core/syscall/** crates/core/libsys/** crates/core/shell/** crates/core/arch-aarch64/** kernel/linker-aarch64.ld kernel/src/entry/**
proc: hidepid canary	n1	userspace/** crates/core/abi/** crates/core/syscall/** crates/core/libsys/** crates/core/shell/** crates/core/arch-riscv64/** kernel/linker.ld kernel/src/entry/**
aarch64 proc: hidepid canary	n1	userspace/** crates/core/abi/** crates/core/syscall/** crates/core/libsys/** crates/core/shell/** crates/core/arch-aarch64/** kernel/linker-aarch64.ld kernel/src/entry/**
fork: native child inherits fds	n2	crates/core/mm/** crates/core/percpu/** userspace/** crates/core/abi/** crates/core/syscall/** crates/core/libsys/** crates/core/shell/** crates/core/arch-riscv64/** kernel/linker.ld kernel/src/entry/**
aarch64 fork: native child fds	n2	crates/core/mm/** crates/core/percpu/** userspace/** crates/core/abi/** crates/core/syscall/** crates/core/libsys/** crates/core/shell/** crates/core/arch-aarch64/** kernel/linker-aarch64.ld kernel/src/entry/**
fork: no-inherit canary	n2	crates/core/mm/** crates/core/percpu/** userspace/** crates/core/abi/** crates/core/syscall/** crates/core/libsys/** crates/core/shell/** crates/core/arch-riscv64/** kernel/linker.ld kernel/src/entry/**
aarch64 fork: no-inherit canary	n2	crates/core/mm/** crates/core/percpu/** userspace/** crates/core/abi/** crates/core/syscall/** crates/core/libsys/** crates/core/shell/** crates/core/arch-aarch64/** kernel/linker-aarch64.ld kernel/src/entry/**
fork: table-copy canary	n2	crates/core/mm/** crates/core/percpu/** userspace/** crates/core/abi/** crates/core/syscall/** crates/core/libsys/** crates/core/shell/** crates/core/arch-riscv64/** kernel/linker.ld kernel/src/entry/**
aarch64 fork: table-copy canary	n2	crates/core/mm/** crates/core/percpu/** userspace/** crates/core/abi/** crates/core/syscall/** crates/core/libsys/** crates/core/shell/** crates/core/arch-aarch64/** kernel/linker-aarch64.ld kernel/src/entry/**
fork: template tamper refused	n2	crates/core/mm/** crates/core/percpu/** userspace/** crates/core/abi/** crates/core/syscall/** crates/core/libsys/** crates/core/shell/** crates/core/topology/** crates/core/ota/** crates/core/crypto/** crates/core/config/** crates/core/azos-config/** crates/core/arch-riscv64/** kernel/linker.ld kernel/src/entry/**
aarch64 fork: template tamper	n2	crates/core/mm/** crates/core/percpu/** userspace/** crates/core/abi/** crates/core/syscall/** crates/core/libsys/** crates/core/shell/** crates/core/topology/** crates/core/ota/** crates/core/crypto/** crates/core/config/** crates/core/azos-config/** crates/core/arch-aarch64/** kernel/linker-aarch64.ld kernel/src/entry/**
fork: template seal canary	n2	crates/core/mm/** crates/core/percpu/** userspace/** crates/core/abi/** crates/core/syscall/** crates/core/libsys/** crates/core/shell/** crates/core/arch-riscv64/** kernel/linker.ld kernel/src/entry/**
aarch64 fork: template seal canary	n2	crates/core/mm/** crates/core/percpu/** userspace/** crates/core/abi/** crates/core/syscall/** crates/core/libsys/** crates/core/shell/** crates/core/arch-aarch64/** kernel/linker-aarch64.ld kernel/src/entry/**
threads: native groups	n1	userspace/** crates/core/abi/** crates/core/syscall/** crates/core/libsys/** crates/core/shell/** crates/core/arch-riscv64/** kernel/linker.ld kernel/src/entry/**
aarch64 threads: native groups	n1	userspace/** crates/core/abi/** crates/core/syscall/** crates/core/libsys/** crates/core/shell/** crates/core/arch-aarch64/** kernel/linker-aarch64.ld kernel/src/entry/**
threads: private table canary	n1	userspace/** crates/core/abi/** crates/core/syscall/** crates/core/libsys/** crates/core/shell/** crates/core/arch-riscv64/** kernel/linker.ld kernel/src/entry/**
aarch64 threads: private table canary	n1	userspace/** crates/core/abi/** crates/core/syscall/** crates/core/libsys/** crates/core/shell/** crates/core/arch-aarch64/** kernel/linker-aarch64.ld kernel/src/entry/**
threads: futex wake canary	n1	userspace/** crates/core/abi/** crates/core/syscall/** crates/core/libsys/** crates/core/shell/** crates/core/arch-riscv64/** kernel/linker.ld kernel/src/entry/**
aarch64 threads: futex wake canary	n1	userspace/** crates/core/abi/** crates/core/syscall/** crates/core/libsys/** crates/core/shell/** crates/core/arch-aarch64/** kernel/linker-aarch64.ld kernel/src/entry/**
threads: clear-tid canary	n1	userspace/** crates/core/abi/** crates/core/syscall/** crates/core/libsys/** crates/core/shell/** crates/core/arch-riscv64/** kernel/linker.ld kernel/src/entry/**
aarch64 threads: clear-tid canary	n1	userspace/** crates/core/abi/** crates/core/syscall/** crates/core/libsys/** crates/core/shell/** crates/core/arch-aarch64/** kernel/linker-aarch64.ld kernel/src/entry/**
fork: store to code faults	n1	crates/core/mm/** crates/core/percpu/** crates/core/arch-riscv64/** kernel/linker.ld kernel/src/entry/**
aarch64 fork: store to code faults	n1	crates/core/mm/** crates/core/percpu/** crates/core/arch-aarch64/** kernel/linker-aarch64.ld kernel/src/entry/**
fork: W^X canary	n1	crates/core/mm/** crates/core/percpu/** crates/core/arch-riscv64/** kernel/linker.ld kernel/src/entry/**
aarch64 fork: W^X canary	n1	crates/core/mm/** crates/core/percpu/** crates/core/arch-aarch64/** kernel/linker-aarch64.ld kernel/src/entry/**
mmap: PROT_READ is read-only	n1	crates/core/mm/** crates/core/percpu/** crates/core/arch-riscv64/** kernel/linker.ld kernel/src/entry/**
aarch64 mmap: PROT_READ read-only	n1	crates/core/mm/** crates/core/percpu/** crates/core/arch-aarch64/** kernel/linker-aarch64.ld kernel/src/entry/**
mmap: prot canary	n1	crates/core/mm/** crates/core/percpu/** crates/core/arch-riscv64/** kernel/linker.ld kernel/src/entry/**
aarch64 mmap: prot canary	n1	crates/core/mm/** crates/core/percpu/** crates/core/arch-aarch64/** kernel/linker-aarch64.ld kernel/src/entry/**
exit: orphans adopted	n1	userspace/** crates/core/abi/** crates/core/syscall/** crates/core/libsys/** crates/core/shell/** crates/core/arch-riscv64/** kernel/linker.ld kernel/src/entry/**
aarch64 orphans adopted	n1	userspace/** crates/core/abi/** crates/core/syscall/** crates/core/libsys/** crates/core/shell/** crates/core/arch-aarch64/** kernel/linker-aarch64.ld kernel/src/entry/**
exit: orphans canary	n1	userspace/** crates/core/abi/** crates/core/syscall/** crates/core/libsys/** crates/core/shell/** crates/core/arch-riscv64/** kernel/linker.ld kernel/src/entry/**
aarch64 orphans canary	n1	userspace/** crates/core/abi/** crates/core/syscall/** crates/core/libsys/** crates/core/shell/** crates/core/arch-aarch64/** kernel/linker-aarch64.ld kernel/src/entry/**
console: no splice smp4	n1	crates/core/sched/** crates/core/percpu/** crates/core/sync/** kernel/src/tasks/** kernel/src/rt_smoke.rs crates/drivers/** kernel/src/drv_supervisor.rs kernel/src/console_mode.rs crates/core/arch-riscv64/** kernel/linker.ld kernel/src/entry/**
console: no splice smp1	n1	crates/core/sched/** crates/core/percpu/** crates/core/sync/** kernel/src/tasks/** kernel/src/rt_smoke.rs crates/drivers/** kernel/src/drv_supervisor.rs kernel/src/console_mode.rs crates/core/arch-riscv64/** kernel/linker.ld kernel/src/entry/**
aarch64 console: no splice	n1	crates/drivers/** kernel/src/drv_supervisor.rs kernel/src/console_mode.rs crates/core/arch-aarch64/** kernel/linker-aarch64.ld kernel/src/entry/**
console: tx ring, no wait	n1	crates/core/ipc/** crates/core/channel/** crates/core/pubsub/** crates/core/spsc/** crates/core/service/** crates/drivers/** kernel/src/drv_supervisor.rs kernel/src/console_mode.rs crates/core/arch-riscv64/** kernel/linker.ld kernel/src/entry/**
aarch64 console: tx ring	n1	crates/core/ipc/** crates/core/channel/** crates/core/pubsub/** crates/core/spsc/** crates/core/service/** crates/drivers/** kernel/src/drv_supervisor.rs kernel/src/console_mode.rs crates/core/arch-aarch64/** kernel/linker-aarch64.ld kernel/src/entry/**
console: tx-sync canary	n1	crates/drivers/** kernel/src/drv_supervisor.rs kernel/src/console_mode.rs crates/core/arch-riscv64/** kernel/linker.ld kernel/src/entry/**
aarch64 console: tx-sync can.	n1	crates/drivers/** kernel/src/drv_supervisor.rs kernel/src/console_mode.rs crates/core/arch-aarch64/** kernel/linker-aarch64.ld kernel/src/entry/**
ml service killed	n2	crates/core/ml/** crates/drivers/npu/** kernel/src/mlsf_bench.rs crates/core/arch-riscv64/** kernel/linker.ld kernel/src/entry/**
ml service killed, canary	n2	crates/core/ml/** crates/drivers/npu/** kernel/src/mlsf_bench.rs crates/core/arch-riscv64/** kernel/linker.ld kernel/src/entry/**
aarch64 ml service killed	n2	crates/core/ml/** crates/drivers/npu/** kernel/src/mlsf_bench.rs crates/core/arch-aarch64/** kernel/linker-aarch64.ld kernel/src/entry/**
ml service killed, not supervised	n2	crates/drivers/** kernel/src/drv_supervisor.rs kernel/src/console_mode.rs crates/core/ml/** crates/drivers/npu/** kernel/src/mlsf_bench.rs crates/core/arch-riscv64/** kernel/linker.ld kernel/src/entry/**
ml service absent	n2	crates/core/ml/** crates/drivers/npu/** kernel/src/mlsf_bench.rs crates/core/arch-riscv64/** kernel/linker.ld kernel/src/entry/**
ml service absent, canary	n2	crates/core/ml/** crates/drivers/npu/** kernel/src/mlsf_bench.rs crates/core/arch-riscv64/** kernel/linker.ld kernel/src/entry/**
aarch64 ml service absent	n2	crates/core/ml/** crates/drivers/npu/** kernel/src/mlsf_bench.rs crates/core/arch-aarch64/** kernel/linker-aarch64.ld kernel/src/entry/**
rt watchdog recorded	n1	crates/core/actuation/** domains/robot/** kernel/src/panic.rs kernel/src/behavior_*.rs crates/core/arch-riscv64/** kernel/linker.ld kernel/src/entry/**
rt watchdog recorded, canary	n1	crates/core/actuation/** domains/robot/** kernel/src/panic.rs kernel/src/behavior_*.rs crates/core/arch-riscv64/** kernel/linker.ld kernel/src/entry/**
aarch64 rt watchdog recorded	n1	crates/core/actuation/** domains/robot/** kernel/src/panic.rs kernel/src/behavior_*.rs crates/core/arch-aarch64/** kernel/linker-aarch64.ld kernel/src/entry/**
ml data signed	n1	crates/core/topology/** crates/core/ota/** crates/core/crypto/** crates/core/config/** crates/core/azos-config/** crates/core/ml/** crates/drivers/npu/** kernel/src/mlsf_bench.rs crates/core/arch-riscv64/** kernel/linker.ld kernel/src/entry/**
ml data tampered	n1	crates/core/topology/** crates/core/ota/** crates/core/crypto/** crates/core/config/** crates/core/azos-config/** crates/core/ml/** crates/drivers/npu/** kernel/src/mlsf_bench.rs crates/core/arch-riscv64/** kernel/linker.ld kernel/src/entry/**
ml data unsigned	n1	crates/core/topology/** crates/core/ota/** crates/core/crypto/** crates/core/config/** crates/core/azos-config/** crates/core/ml/** crates/drivers/npu/** kernel/src/mlsf_bench.rs crates/core/arch-riscv64/** kernel/linker.ld kernel/src/entry/**
aarch64 ml data signed	n1	crates/core/topology/** crates/core/ota/** crates/core/crypto/** crates/core/config/** crates/core/azos-config/** crates/core/ml/** crates/drivers/npu/** kernel/src/mlsf_bench.rs crates/core/arch-aarch64/** kernel/linker-aarch64.ld kernel/src/entry/**
aarch64 ml data tampered	n1	crates/core/topology/** crates/core/ota/** crates/core/crypto/** crates/core/config/** crates/core/azos-config/** crates/core/ml/** crates/drivers/npu/** kernel/src/mlsf_bench.rs crates/core/arch-aarch64/** kernel/linker-aarch64.ld kernel/src/entry/**
aarch64 ml data unsigned	n1	crates/core/topology/** crates/core/ota/** crates/core/crypto/** crates/core/config/** crates/core/azos-config/** crates/core/ml/** crates/drivers/npu/** kernel/src/mlsf_bench.rs crates/core/arch-aarch64/** kernel/linker-aarch64.ld kernel/src/entry/**
riscv64 guard: stack probe faults	n1	crates/core/mm/** crates/core/percpu/** crates/core/arch-riscv64/** kernel/linker.ld kernel/src/entry/**
riscv64 guard: null probe faults	n1	crates/core/mm/** crates/core/percpu/** crates/core/arch-riscv64/** kernel/linker.ld kernel/src/entry/**
aarch64 guard: stack probe faults	n1	crates/core/mm/** crates/core/percpu/** crates/core/arch-aarch64/** kernel/linker-aarch64.ld kernel/src/entry/**
aarch64 guard: null probe faults	n1	crates/core/mm/** crates/core/percpu/** crates/core/arch-aarch64/** kernel/linker-aarch64.ld kernel/src/entry/**
aarch64: OTA boot good	n1	crates/core/topology/** crates/core/ota/** crates/core/crypto/** crates/core/config/** crates/core/azos-config/** crates/core/arch-aarch64/** kernel/linker-aarch64.ld kernel/src/entry/**
aarch64: watchdog wired	n1	crates/core/actuation/** domains/robot/** kernel/src/panic.rs kernel/src/behavior_*.rs crates/core/arch-aarch64/** kernel/linker-aarch64.ld kernel/src/entry/**
aarch64: console routed	n1	crates/drivers/** kernel/src/drv_supervisor.rs kernel/src/console_mode.rs crates/core/arch-aarch64/** kernel/linker-aarch64.ld kernel/src/entry/**
aarch64: entropy seeds pool	n1	crates/fs/** crates/drivers/block/** crates/drivers/msc/** kernel/src/pstore.rs crates/drivers/** kernel/src/drv_supervisor.rs kernel/src/console_mode.rs crates/core/arch-aarch64/** kernel/linker-aarch64.ld kernel/src/entry/**
aarch64: persisted seed rotates	n2	crates/fs/** crates/drivers/block/** crates/drivers/msc/** kernel/src/pstore.rs crates/core/arch-aarch64/** kernel/linker-aarch64.ld kernel/src/entry/**
aarch64: persisted seed seeds	n1	crates/fs/** crates/drivers/block/** crates/drivers/msc/** kernel/src/pstore.rs crates/core/arch-aarch64/** kernel/linker-aarch64.ld kernel/src/entry/**
aarch64: seed diskless unchanged	n1	crates/fs/** crates/drivers/block/** crates/drivers/msc/** kernel/src/pstore.rs crates/core/arch-aarch64/** kernel/linker-aarch64.ld kernel/src/entry/**
aarch64: seed spares the filesystem	n2	crates/fs/** crates/drivers/block/** crates/drivers/msc/** kernel/src/pstore.rs crates/core/mm/** crates/core/percpu/** crates/core/arch-aarch64/** kernel/linker-aarch64.ld kernel/src/entry/**
aarch64: seed refreshed at reboot	n1	crates/fs/** crates/drivers/block/** crates/drivers/msc/** kernel/src/pstore.rs crates/core/arch-aarch64/** kernel/linker-aarch64.ld kernel/src/entry/**
aarch64: IPC plumbing up	n1	crates/core/ipc/** crates/core/channel/** crates/core/pubsub/** crates/core/spsc/** crates/core/service/** crates/core/arch-aarch64/** kernel/linker-aarch64.ld kernel/src/entry/**
aarch64 behavior ARP sleeps	n2	crates/net/** crates/drivers/net/** crates/drivers/virtio/** crates/core/actuation/** domains/robot/** kernel/src/panic.rs kernel/src/behavior_*.rs crates/core/arch-aarch64/** kernel/linker-aarch64.ld kernel/src/entry/**
aarch64 granule 16 KiB	n1	crates/core/mm/** crates/core/percpu/** crates/core/arch-aarch64/** kernel/linker-aarch64.ld kernel/src/entry/**
aarch64 granule 64 KiB	n1	crates/core/mm/** crates/core/percpu/** crates/core/arch-aarch64/** kernel/linker-aarch64.ld kernel/src/entry/**
streams: riscv64 on	n2	crates/core/ipc/** crates/core/channel/** crates/core/pubsub/** crates/core/spsc/** crates/core/service/** crates/core/arch-riscv64/** kernel/linker.ld kernel/src/entry/**
streams: aarch64 on	n2	crates/core/ipc/** crates/core/channel/** crates/core/pubsub/** crates/core/spsc/** crates/core/service/** crates/core/arch-aarch64/** kernel/linker-aarch64.ld kernel/src/entry/**
streams: riscv64 fallback	n1	crates/core/ipc/** crates/core/channel/** crates/core/pubsub/** crates/core/spsc/** crates/core/service/** crates/core/arch-riscv64/** kernel/linker.ld kernel/src/entry/**
crash log: records a real panic, survives reboot	n1	crates/net/** crates/drivers/net/** crates/drivers/virtio/** crates/fs/** crates/drivers/block/** crates/drivers/msc/** kernel/src/pstore.rs crates/core/actuation/** domains/robot/** kernel/src/panic.rs kernel/src/behavior_*.rs crates/core/arch-riscv64/** kernel/linker.ld kernel/src/entry/**
boot count: survives a crash	n1	crates/fs/** crates/drivers/block/** crates/drivers/msc/** kernel/src/pstore.rs crates/core/arch-riscv64/** kernel/linker.ld kernel/src/entry/**
safe mode: attempts exhausted	n2	crates/core/actuation/** domains/robot/** kernel/src/panic.rs kernel/src/behavior_*.rs crates/core/arch-riscv64/** kernel/linker.ld kernel/src/entry/**
boot count: orderly reboot	n1	crates/fs/** crates/drivers/block/** crates/drivers/msc/** kernel/src/pstore.rs crates/core/arch-riscv64/** kernel/linker.ld kernel/src/entry/**
pstore: valid record (rv)	n2	crates/fs/** crates/drivers/block/** crates/drivers/msc/** kernel/src/pstore.rs crates/core/arch-riscv64/** kernel/linker.ld kernel/src/entry/**
pstore: corrupt record (rv)	n2	crates/fs/** crates/drivers/block/** crates/drivers/msc/** kernel/src/pstore.rs crates/core/arch-riscv64/** kernel/linker.ld kernel/src/entry/**
pstore: valid record (arm)	n2	crates/fs/** crates/drivers/block/** crates/drivers/msc/** kernel/src/pstore.rs crates/core/arch-aarch64/** kernel/linker-aarch64.ld kernel/src/entry/**
pstore: corrupt record (arm)	n2	crates/fs/** crates/drivers/block/** crates/drivers/msc/** kernel/src/pstore.rs crates/core/arch-aarch64/** kernel/linker-aarch64.ld kernel/src/entry/**
rt7: panic contain (rv)	n2	crates/net/** crates/drivers/net/** crates/drivers/virtio/** crates/core/sched/** crates/core/percpu/** crates/core/sync/** kernel/src/tasks/** kernel/src/rt_smoke.rs crates/core/actuation/** domains/robot/** kernel/src/panic.rs kernel/src/behavior_*.rs crates/core/arch-riscv64/** kernel/linker.ld kernel/src/entry/**
rt7: panic spin (rv)	n2	crates/net/** crates/drivers/net/** crates/drivers/virtio/** crates/core/sched/** crates/core/percpu/** crates/core/sync/** kernel/src/tasks/** kernel/src/rt_smoke.rs crates/core/actuation/** domains/robot/** kernel/src/panic.rs kernel/src/behavior_*.rs crates/core/arch-riscv64/** kernel/linker.ld kernel/src/entry/**
rt7: panic contain (arm)	n2	crates/net/** crates/drivers/net/** crates/drivers/virtio/** crates/core/sched/** crates/core/percpu/** crates/core/sync/** kernel/src/tasks/** kernel/src/rt_smoke.rs crates/core/actuation/** domains/robot/** kernel/src/panic.rs kernel/src/behavior_*.rs crates/core/arch-aarch64/** kernel/linker-aarch64.ld kernel/src/entry/**
rt7: panic spin (arm)	n2	crates/net/** crates/drivers/net/** crates/drivers/virtio/** crates/core/sched/** crates/core/percpu/** crates/core/sync/** kernel/src/tasks/** kernel/src/rt_smoke.rs crates/core/actuation/** domains/robot/** kernel/src/panic.rs kernel/src/behavior_*.rs crates/core/arch-aarch64/** kernel/linker-aarch64.ld kernel/src/entry/**
rt7: panic reset (rv)	n2	crates/net/** crates/drivers/net/** crates/drivers/virtio/** crates/core/sched/** crates/core/percpu/** crates/core/sync/** kernel/src/tasks/** kernel/src/rt_smoke.rs crates/core/actuation/** domains/robot/** kernel/src/panic.rs kernel/src/behavior_*.rs crates/core/arch-riscv64/** kernel/linker.ld kernel/src/entry/**
rt7: panic reset (arm)	n2	crates/net/** crates/drivers/net/** crates/drivers/virtio/** crates/core/sched/** crates/core/percpu/** crates/core/sync/** kernel/src/tasks/** kernel/src/rt_smoke.rs crates/core/actuation/** domains/robot/** kernel/src/panic.rs kernel/src/behavior_*.rs crates/core/arch-aarch64/** kernel/linker-aarch64.ld kernel/src/entry/**
rt7: panic safety (rv)	n2	crates/net/** crates/drivers/net/** crates/drivers/virtio/** crates/core/sched/** crates/core/percpu/** crates/core/sync/** kernel/src/tasks/** kernel/src/rt_smoke.rs crates/core/actuation/** domains/robot/** kernel/src/panic.rs kernel/src/behavior_*.rs crates/core/arch-riscv64/** kernel/linker.ld kernel/src/entry/**
rt7: panic safety (arm)	n2	crates/net/** crates/drivers/net/** crates/drivers/virtio/** crates/core/sched/** crates/core/percpu/** crates/core/sync/** kernel/src/tasks/** kernel/src/rt_smoke.rs crates/core/actuation/** domains/robot/** kernel/src/panic.rs kernel/src/behavior_*.rs crates/core/arch-aarch64/** kernel/linker-aarch64.ld kernel/src/entry/**
rt7: driver contained, restarted (rv)	n2	crates/core/sched/** crates/core/percpu/** crates/core/sync/** kernel/src/tasks/** kernel/src/rt_smoke.rs crates/drivers/** kernel/src/drv_supervisor.rs kernel/src/console_mode.rs crates/core/arch-riscv64/** kernel/linker.ld kernel/src/entry/**
rt7: driver contained, restarted (arm)	n2	crates/core/sched/** crates/core/percpu/** crates/core/sync/** kernel/src/tasks/** kernel/src/rt_smoke.rs crates/drivers/** kernel/src/drv_supervisor.rs kernel/src/console_mode.rs crates/core/arch-aarch64/** kernel/linker-aarch64.ld kernel/src/entry/**
sched: timer heap raced (rv)	n2	crates/core/sched/** crates/core/percpu/** crates/core/sync/** kernel/src/tasks/** kernel/src/rt_smoke.rs crates/core/mm/** crates/core/arch-riscv64/** kernel/linker.ld kernel/src/entry/**
sched: timer heap raced (arm)	n2	crates/core/sched/** crates/core/percpu/** crates/core/sync/** kernel/src/tasks/** kernel/src/rt_smoke.rs crates/core/mm/** crates/core/arch-aarch64/** kernel/linker-aarch64.ld kernel/src/entry/**
sched: deferred tick counted (rv)	n2	crates/core/sched/** crates/core/percpu/** crates/core/sync/** kernel/src/tasks/** kernel/src/rt_smoke.rs crates/core/arch-riscv64/** kernel/linker.ld kernel/src/entry/**
sched: deferred tick counted (arm)	n2	crates/core/sched/** crates/core/percpu/** crates/core/sync/** kernel/src/tasks/** kernel/src/rt_smoke.rs crates/core/arch-aarch64/** kernel/linker-aarch64.ld kernel/src/entry/**
smp: 16 CPUs, NR_CPUS 64 (rv)	n2	crates/core/sched/** crates/core/percpu/** crates/core/sync/** kernel/src/tasks/** kernel/src/rt_smoke.rs crates/core/arch-riscv64/** kernel/linker.ld kernel/src/entry/**
smp: 16 CPUs, NR_CPUS 64 (arm)	n2	crates/core/sched/** crates/core/percpu/** crates/core/sync/** kernel/src/tasks/** kernel/src/rt_smoke.rs crates/core/arch-aarch64/** kernel/linker-aarch64.ld kernel/src/entry/**
smp: DTB above NR_CPUS clamps (rv)	n2	crates/core/sched/** crates/core/percpu/** crates/core/sync/** kernel/src/tasks/** kernel/src/rt_smoke.rs crates/core/arch-riscv64/** kernel/linker.ld kernel/src/entry/**
smp: DTB above NR_CPUS clamps (arm)	n2	crates/core/sched/** crates/core/percpu/** crates/core/sync/** kernel/src/tasks/** kernel/src/rt_smoke.rs crates/core/arch-aarch64/** kernel/linker-aarch64.ld kernel/src/entry/**
smp: canary, no clamp (rv)	n2	crates/core/sched/** crates/core/percpu/** crates/core/sync/** kernel/src/tasks/** kernel/src/rt_smoke.rs crates/core/arch-riscv64/** kernel/linker.ld kernel/src/entry/**
smp: canary, no clamp (arm)	n2	crates/core/sched/** crates/core/percpu/** crates/core/sync/** kernel/src/tasks/** kernel/src/rt_smoke.rs crates/core/arch-aarch64/** kernel/linker-aarch64.ld kernel/src/entry/**
cpuid matches hardware	n1	crates/core/sched/** crates/core/percpu/** crates/core/sync/** kernel/src/tasks/** kernel/src/rt_smoke.rs crates/core/arch-riscv64/** kernel/linker.ld kernel/src/entry/**
aarch64 cpuid matches hw	n1	crates/core/sched/** crates/core/percpu/** crates/core/sync/** kernel/src/tasks/** kernel/src/rt_smoke.rs crates/core/arch-aarch64/** kernel/linker-aarch64.ld kernel/src/entry/**
boot + SMP scheduling	n1	crates/core/sched/** crates/core/percpu/** crates/core/sync/** kernel/src/tasks/** kernel/src/rt_smoke.rs crates/core/arch-riscv64/** kernel/linker.ld kernel/src/entry/**
boot: kernel_main completes	n1	crates/core/sched/** crates/core/percpu/** crates/core/sync/** kernel/src/tasks/** kernel/src/rt_smoke.rs crates/core/arch-riscv64/** kernel/linker.ld kernel/src/entry/**
shell answers help	n1	userspace/** crates/core/abi/** crates/core/syscall/** crates/core/libsys/** crates/core/shell/** crates/core/arch-riscv64/** kernel/linker.ld kernel/src/entry/**
boot: no-ml	n1	crates/core/sched/** crates/core/percpu/** crates/core/sync/** kernel/src/tasks/** kernel/src/rt_smoke.rs crates/core/ml/** crates/drivers/npu/** kernel/src/mlsf_bench.rs crates/core/arch-riscv64/** kernel/linker.ld kernel/src/entry/**
boot: no-mmu	n1	crates/core/sched/** crates/core/percpu/** crates/core/sync/** kernel/src/tasks/** kernel/src/rt_smoke.rs crates/core/arch-riscv64/** kernel/linker.ld kernel/src/entry/**
irq: handlers on their own stack	n1	crates/core/sched/** crates/core/percpu/** crates/core/sync/** kernel/src/tasks/** kernel/src/rt_smoke.rs crates/drivers/** kernel/src/drv_supervisor.rs kernel/src/console_mode.rs crates/core/arch-riscv64/** kernel/linker.ld kernel/src/entry/**
timer: stimecmp on Sstc	n1	crates/core/sched/** crates/core/percpu/** crates/core/sync/** kernel/src/tasks/** kernel/src/rt_smoke.rs crates/core/arch-riscv64/** kernel/linker.ld kernel/src/entry/**
timer: SBI without Sstc	n1	crates/core/sched/** crates/core/percpu/** crates/core/sync/** kernel/src/tasks/** kernel/src/rt_smoke.rs crates/core/arch-riscv64/** kernel/linker.ld kernel/src/entry/**
mm: scalar zero without Zicboz	n1	crates/core/sched/** crates/core/percpu/** crates/core/sync/** kernel/src/tasks/** kernel/src/rt_smoke.rs crates/core/mm/** crates/core/arch-riscv64/** kernel/linker.ld kernel/src/entry/**
entropy: virtio-rng seeds the pool	n1	crates/fs/** crates/drivers/block/** crates/drivers/msc/** kernel/src/pstore.rs crates/drivers/** kernel/src/drv_supervisor.rs kernel/src/console_mode.rs crates/core/arch-riscv64/** kernel/linker.ld kernel/src/entry/**
riscv64: persisted seed rotates	n2	crates/fs/** crates/drivers/block/** crates/drivers/msc/** kernel/src/pstore.rs crates/core/arch-riscv64/** kernel/linker.ld kernel/src/entry/**
riscv64: persisted seed seeds	n1	crates/fs/** crates/drivers/block/** crates/drivers/msc/** kernel/src/pstore.rs crates/core/arch-riscv64/** kernel/linker.ld kernel/src/entry/**
riscv64: seed diskless unchanged	n1	crates/fs/** crates/drivers/block/** crates/drivers/msc/** kernel/src/pstore.rs crates/core/arch-riscv64/** kernel/linker.ld kernel/src/entry/**
riscv64: seed spares the filesystem	n2	crates/fs/** crates/drivers/block/** crates/drivers/msc/** kernel/src/pstore.rs crates/core/mm/** crates/core/percpu/** crates/core/arch-riscv64/** kernel/linker.ld kernel/src/entry/**
riscv64: seed refreshed at reboot	n1	crates/fs/** crates/drivers/block/** crates/drivers/msc/** kernel/src/pstore.rs crates/core/arch-riscv64/** kernel/linker.ld kernel/src/entry/**
embedded: boots in 64 MiB	n1	crates/fs/** crates/drivers/block/** crates/drivers/msc/** kernel/src/pstore.rs crates/core/sched/** crates/core/percpu/** crates/core/sync/** kernel/src/tasks/** kernel/src/rt_smoke.rs crates/drivers/** kernel/src/drv_supervisor.rs kernel/src/console_mode.rs crates/core/topology/** crates/core/ota/** crates/core/crypto/** crates/core/config/** crates/core/azos-config/** crates/core/arch-riscv64/** kernel/linker.ld kernel/src/entry/**
embedded: boots in 16 MiB	n1	crates/fs/** crates/drivers/block/** crates/drivers/msc/** kernel/src/pstore.rs crates/core/sched/** crates/core/percpu/** crates/core/sync/** kernel/src/tasks/** kernel/src/rt_smoke.rs crates/drivers/** kernel/src/drv_supervisor.rs kernel/src/console_mode.rs crates/core/topology/** crates/core/ota/** crates/core/crypto/** crates/core/config/** crates/core/azos-config/** crates/core/arch-riscv64/** kernel/linker.ld kernel/src/entry/**
fleet: boots in 1 GiB	n2	crates/core/arch-riscv64/** kernel/linker.ld kernel/src/entry/**
network: TFTP fetch	n1	crates/net/** crates/drivers/net/** crates/drivers/virtio/** crates/drivers/** kernel/src/drv_supervisor.rs kernel/src/console_mode.rs crates/core/arch-riscv64/** kernel/linker.ld kernel/src/entry/**
network: DHCP lease	n1	crates/net/** crates/drivers/net/** crates/drivers/virtio/** crates/core/sched/** crates/core/percpu/** crates/core/sync/** kernel/src/tasks/** kernel/src/rt_smoke.rs crates/core/ipc/** crates/core/channel/** crates/core/pubsub/** crates/core/spsc/** crates/core/service/** crates/drivers/** kernel/src/drv_supervisor.rs kernel/src/console_mode.rs crates/core/arch-riscv64/** kernel/linker.ld kernel/src/entry/**
userspace: syscall ABI	n1	crates/fs/** crates/drivers/block/** crates/drivers/msc/** kernel/src/pstore.rs crates/core/sched/** crates/core/percpu/** crates/core/sync/** kernel/src/tasks/** kernel/src/rt_smoke.rs userspace/** crates/core/abi/** crates/core/syscall/** crates/core/libsys/** crates/core/shell/** crates/drivers/** kernel/src/drv_supervisor.rs kernel/src/console_mode.rs crates/core/arch-riscv64/** kernel/linker.ld kernel/src/entry/**
PiMutex donation (K-A14)	n1	crates/core/sched/** crates/core/percpu/** crates/core/sync/** kernel/src/tasks/** kernel/src/rt_smoke.rs crates/core/arch-riscv64/** kernel/linker.ld kernel/src/entry/**
PiMutex donation (SMP)	n1	crates/core/sched/** crates/core/percpu/** crates/core/sync/** kernel/src/tasks/** kernel/src/rt_smoke.rs crates/core/arch-riscv64/** kernel/linker.ld kernel/src/entry/**
sched: lease inversion	n1	crates/core/sched/** crates/core/percpu/** crates/core/sync/** kernel/src/tasks/** kernel/src/rt_smoke.rs crates/core/ipc/** crates/core/channel/** crates/core/pubsub/** crates/core/spsc/** crates/core/service/** crates/core/arch-riscv64/** kernel/linker.ld kernel/src/entry/**
safety: geofence sees GPS	n1	crates/core/sched/** crates/core/percpu/** crates/core/sync/** kernel/src/tasks/** kernel/src/rt_smoke.rs crates/core/actuation/** domains/robot/** kernel/src/panic.rs kernel/src/behavior_*.rs crates/core/arch-riscv64/** kernel/linker.ld kernel/src/entry/**
tlb: stale access after cross-hart unmap faults	n1	crates/core/sched/** crates/core/percpu/** crates/core/sync/** kernel/src/tasks/** kernel/src/rt_smoke.rs crates/core/mm/** crates/core/arch-riscv64/** kernel/linker.ld kernel/src/entry/**
tlb: canary (local-only) reads stale data	n1	crates/core/sched/** crates/core/percpu/** crates/core/sync/** kernel/src/tasks/** kernel/src/rt_smoke.rs crates/core/mm/** crates/core/arch-riscv64/** kernel/linker.ld kernel/src/entry/**
tlb: canary (scan bound) reads stale data	n1	crates/core/sched/** crates/core/percpu/** crates/core/sync/** kernel/src/tasks/** kernel/src/rt_smoke.rs crates/core/mm/** crates/core/arch-riscv64/** kernel/linker.ld kernel/src/entry/**
sensors: IMU stamped at acquisition	n1	crates/net/** crates/drivers/net/** crates/drivers/virtio/** crates/core/sched/** crates/core/percpu/** crates/core/sync/** kernel/src/tasks/** kernel/src/rt_smoke.rs crates/drivers/** kernel/src/drv_supervisor.rs kernel/src/console_mode.rs crates/core/arch-riscv64/** kernel/linker.ld kernel/src/entry/**
sensors: canary (frozen stamp is stale)	n1	crates/core/sched/** crates/core/percpu/** crates/core/sync/** kernel/src/tasks/** kernel/src/rt_smoke.rs crates/drivers/** kernel/src/drv_supervisor.rs kernel/src/console_mode.rs crates/core/arch-riscv64/** kernel/linker.ld kernel/src/entry/**
secure boot rejects unsigned	n1	crates/fs/** crates/drivers/block/** crates/drivers/msc/** kernel/src/pstore.rs crates/core/sched/** crates/core/percpu/** crates/core/sync/** kernel/src/tasks/** kernel/src/rt_smoke.rs crates/drivers/** kernel/src/drv_supervisor.rs kernel/src/console_mode.rs crates/core/topology/** crates/core/ota/** crates/core/crypto/** crates/core/config/** crates/core/azos-config/** crates/core/arch-riscv64/** kernel/linker.ld kernel/src/entry/**
secure boot accepts signed	n1	crates/fs/** crates/drivers/block/** crates/drivers/msc/** kernel/src/pstore.rs crates/core/sched/** crates/core/percpu/** crates/core/sync/** kernel/src/tasks/** kernel/src/rt_smoke.rs crates/drivers/** kernel/src/drv_supervisor.rs kernel/src/console_mode.rs crates/core/topology/** crates/core/ota/** crates/core/crypto/** crates/core/config/** crates/core/azos-config/** crates/core/arch-riscv64/** kernel/linker.ld kernel/src/entry/**
secure boot rejects bad sig	n1	crates/fs/** crates/drivers/block/** crates/drivers/msc/** kernel/src/pstore.rs crates/core/sched/** crates/core/percpu/** crates/core/sync/** kernel/src/tasks/** kernel/src/rt_smoke.rs crates/drivers/** kernel/src/drv_supervisor.rs kernel/src/console_mode.rs crates/core/topology/** crates/core/ota/** crates/core/crypto/** crates/core/config/** crates/core/azos-config/** crates/core/arch-riscv64/** kernel/linker.ld kernel/src/entry/**
secure boot falls to R	n1	crates/core/topology/** crates/core/ota/** crates/core/crypto/** crates/core/config/** crates/core/azos-config/** crates/core/arch-riscv64/** kernel/linker.ld kernel/src/entry/**
secure boot records unfit B	n1	crates/core/topology/** crates/core/ota/** crates/core/crypto/** crates/core/config/** crates/core/azos-config/** crates/core/arch-riscv64/** kernel/linker.ld kernel/src/entry/**
aarch64 secboot unsigned	n1	crates/fs/** crates/drivers/block/** crates/drivers/msc/** kernel/src/pstore.rs crates/core/topology/** crates/core/ota/** crates/core/crypto/** crates/core/config/** crates/core/azos-config/** crates/core/arch-aarch64/** kernel/linker-aarch64.ld kernel/src/entry/**
aarch64 secboot signed	n1	crates/fs/** crates/drivers/block/** crates/drivers/msc/** kernel/src/pstore.rs crates/core/topology/** crates/core/ota/** crates/core/crypto/** crates/core/config/** crates/core/azos-config/** crates/core/arch-aarch64/** kernel/linker-aarch64.ld kernel/src/entry/**
aarch64 secboot bad sig	n1	crates/fs/** crates/drivers/block/** crates/drivers/msc/** kernel/src/pstore.rs crates/core/topology/** crates/core/ota/** crates/core/crypto/** crates/core/config/** crates/core/azos-config/** crates/core/arch-aarch64/** kernel/linker-aarch64.ld kernel/src/entry/**
aarch64 secboot falls to R	n1	crates/core/topology/** crates/core/ota/** crates/core/crypto/** crates/core/config/** crates/core/azos-config/** crates/core/arch-aarch64/** kernel/linker-aarch64.ld kernel/src/entry/**
pci: bus 0 enumerates (aarch64)	n1	crates/drivers/** kernel/src/drv_supervisor.rs kernel/src/console_mode.rs crates/core/arch-aarch64/** kernel/linker-aarch64.ld kernel/src/entry/**
its: msix -> lpi (aarch64)	n1	crates/drivers/** kernel/src/drv_supervisor.rs kernel/src/console_mode.rs crates/core/arch-aarch64/** kernel/linker-aarch64.ld kernel/src/entry/**
its: msix canary (no MAPTI)	n1	crates/drivers/** kernel/src/drv_supervisor.rs kernel/src/console_mode.rs crates/core/arch-aarch64/** kernel/linker-aarch64.ld kernel/src/entry/**
aarch64 network: DHCP (pci)	n1	crates/net/** crates/drivers/net/** crates/drivers/virtio/** crates/drivers/** kernel/src/drv_supervisor.rs kernel/src/console_mode.rs crates/core/arch-aarch64/** kernel/linker-aarch64.ld kernel/src/entry/**
aarch64 pci dhcp canary	n1	crates/net/** crates/drivers/net/** crates/drivers/virtio/** crates/drivers/** kernel/src/drv_supervisor.rs kernel/src/console_mode.rs crates/core/arch-aarch64/** kernel/linker-aarch64.ld kernel/src/entry/**
userspace: capabilities	n1	userspace/** crates/core/abi/** crates/core/syscall/** crates/core/libsys/** crates/core/shell/** crates/core/topology/** crates/core/ota/** crates/core/crypto/** crates/core/config/** crates/core/azos-config/** crates/core/arch-riscv64/** kernel/linker.ld kernel/src/entry/**
userspace: capabilities AIA	n1	userspace/** crates/core/abi/** crates/core/syscall/** crates/core/libsys/** crates/core/shell/** crates/core/topology/** crates/core/ota/** crates/core/crypto/** crates/core/config/** crates/core/azos-config/** crates/core/arch-riscv64/** kernel/linker.ld kernel/src/entry/**
userspace: denial RECORDED	n1	userspace/** crates/core/abi/** crates/core/syscall/** crates/core/libsys/** crates/core/shell/** crates/core/topology/** crates/core/ota/** crates/core/crypto/** crates/core/config/** crates/core/azos-config/** crates/core/arch-riscv64/** kernel/linker.ld kernel/src/entry/**
disk: partition cap refused from ring 3	n1	crates/fs/** crates/drivers/block/** crates/drivers/msc/** kernel/src/pstore.rs crates/core/ipc/** crates/core/channel/** crates/core/pubsub/** crates/core/spsc/** crates/core/service/** crates/core/topology/** crates/core/ota/** crates/core/crypto/** crates/core/config/** crates/core/azos-config/** crates/core/arch-riscv64/** kernel/linker.ld kernel/src/entry/**
userspace: ABI conformance	n1	crates/fs/** crates/drivers/block/** crates/drivers/msc/** kernel/src/pstore.rs crates/core/sched/** crates/core/percpu/** crates/core/sync/** kernel/src/tasks/** kernel/src/rt_smoke.rs userspace/** crates/core/abi/** crates/core/syscall/** crates/core/libsys/** crates/core/shell/** crates/drivers/** kernel/src/drv_supervisor.rs kernel/src/console_mode.rs crates/core/arch-riscv64/** kernel/linker.ld kernel/src/entry/**
vdso: write window masked	n1	crates/fs/** crates/drivers/block/** crates/drivers/msc/** kernel/src/pstore.rs crates/core/sched/** crates/core/percpu/** crates/core/sync/** kernel/src/tasks/** kernel/src/rt_smoke.rs userspace/** crates/core/abi/** crates/core/syscall/** crates/core/libsys/** crates/core/shell/** crates/drivers/** kernel/src/drv_supervisor.rs kernel/src/console_mode.rs crates/core/arch-riscv64/** kernel/linker.ld kernel/src/entry/**
userspace: syscall latency	n2	crates/fs/** crates/drivers/block/** crates/drivers/msc/** kernel/src/pstore.rs crates/core/sched/** crates/core/percpu/** crates/core/sync/** kernel/src/tasks/** kernel/src/rt_smoke.rs userspace/** crates/core/abi/** crates/core/syscall/** crates/core/libsys/** crates/core/shell/** crates/drivers/** kernel/src/drv_supervisor.rs kernel/src/console_mode.rs crates/core/arch-riscv64/** kernel/linker.ld kernel/src/entry/**
userspace: 1 hart (-smp 1)	n2	crates/fs/** crates/drivers/block/** crates/drivers/msc/** kernel/src/pstore.rs crates/core/sched/** crates/core/percpu/** crates/core/sync/** kernel/src/tasks/** kernel/src/rt_smoke.rs userspace/** crates/core/abi/** crates/core/syscall/** crates/core/libsys/** crates/core/shell/** crates/drivers/** kernel/src/drv_supervisor.rs kernel/src/console_mode.rs crates/core/arch-riscv64/** kernel/linker.ld kernel/src/entry/**
userspace: IPC	n1	crates/fs/** crates/drivers/block/** crates/drivers/msc/** kernel/src/pstore.rs crates/core/sched/** crates/core/percpu/** crates/core/sync/** kernel/src/tasks/** kernel/src/rt_smoke.rs crates/core/ipc/** crates/core/channel/** crates/core/pubsub/** crates/core/spsc/** crates/core/service/** userspace/** crates/core/abi/** crates/core/syscall/** crates/core/libsys/** crates/core/shell/** crates/drivers/** kernel/src/drv_supervisor.rs kernel/src/console_mode.rs crates/core/arch-riscv64/** kernel/linker.ld kernel/src/entry/**
mem quota refuses a runaway brk	n1	crates/fs/** crates/drivers/block/** crates/drivers/msc/** kernel/src/pstore.rs crates/core/sched/** crates/core/percpu/** crates/core/sync/** kernel/src/tasks/** kernel/src/rt_smoke.rs crates/core/mm/** userspace/** crates/core/abi/** crates/core/syscall/** crates/core/libsys/** crates/core/shell/** crates/drivers/** kernel/src/drv_supervisor.rs kernel/src/console_mode.rs crates/core/arch-riscv64/** kernel/linker.ld kernel/src/entry/**
mem quota lets real work through	n1	crates/fs/** crates/drivers/block/** crates/drivers/msc/** kernel/src/pstore.rs crates/core/sched/** crates/core/percpu/** crates/core/sync/** kernel/src/tasks/** kernel/src/rt_smoke.rs crates/core/mm/** userspace/** crates/core/abi/** crates/core/syscall/** crates/core/libsys/** crates/core/shell/** crates/drivers/** kernel/src/drv_supervisor.rs kernel/src/console_mode.rs crates/core/arch-riscv64/** kernel/linker.ld kernel/src/entry/**
mm: canary (exit frees a live root) refused	n1	crates/fs/** crates/drivers/block/** crates/drivers/msc/** kernel/src/pstore.rs crates/core/sched/** crates/core/percpu/** crates/core/sync/** kernel/src/tasks/** kernel/src/rt_smoke.rs crates/core/mm/** userspace/** crates/core/abi/** crates/core/syscall/** crates/core/libsys/** crates/core/shell/** crates/drivers/** kernel/src/drv_supervisor.rs kernel/src/console_mode.rs crates/core/arch-riscv64/** kernel/linker.ld kernel/src/entry/**
mem: locked row, zero faults	n1	crates/fs/** crates/drivers/block/** crates/drivers/msc/** kernel/src/pstore.rs crates/core/sched/** crates/core/percpu/** crates/core/sync/** kernel/src/tasks/** kernel/src/rt_smoke.rs crates/core/mm/** userspace/** crates/core/abi/** crates/core/syscall/** crates/core/libsys/** crates/core/shell/** crates/drivers/** kernel/src/drv_supervisor.rs kernel/src/console_mode.rs crates/core/arch-riscv64/** kernel/linker.ld kernel/src/entry/**
mem: locked row refuses a forking image	n1	crates/fs/** crates/drivers/block/** crates/drivers/msc/** kernel/src/pstore.rs crates/core/sched/** crates/core/percpu/** crates/core/sync/** kernel/src/tasks/** kernel/src/rt_smoke.rs crates/core/mm/** userspace/** crates/core/abi/** crates/core/syscall/** crates/core/libsys/** crates/core/shell/** crates/drivers/** kernel/src/drv_supervisor.rs kernel/src/console_mode.rs crates/core/arch-riscv64/** kernel/linker.ld kernel/src/entry/**
topology: memory admitted, DMA pool	n1	crates/core/sched/** crates/core/percpu/** crates/core/sync/** kernel/src/tasks/** kernel/src/rt_smoke.rs crates/core/ipc/** crates/core/channel/** crates/core/pubsub/** crates/core/spsc/** crates/core/service/** crates/core/mm/** crates/core/topology/** crates/core/ota/** crates/core/crypto/** crates/core/config/** crates/core/azos-config/** crates/core/arch-riscv64/** kernel/linker.ld kernel/src/entry/**
mem: row instances refuse a spawn	n1	crates/fs/** crates/drivers/block/** crates/drivers/msc/** kernel/src/pstore.rs crates/core/sched/** crates/core/percpu/** crates/core/sync/** kernel/src/tasks/** kernel/src/rt_smoke.rs crates/core/mm/** userspace/** crates/core/abi/** crates/core/syscall/** crates/core/libsys/** crates/core/shell/** crates/drivers/** kernel/src/drv_supervisor.rs kernel/src/console_mode.rs crates/core/arch-riscv64/** kernel/linker.ld kernel/src/entry/**
mem: locked region, 0 faults	n2	crates/core/mm/** crates/core/percpu/** crates/core/arch-riscv64/** kernel/linker.ld kernel/src/entry/**
mem: huge row, option off	n1	crates/core/sched/** crates/core/percpu/** crates/core/sync/** kernel/src/tasks/** kernel/src/rt_smoke.rs crates/core/mm/** crates/core/arch-riscv64/** kernel/linker.ld kernel/src/entry/**
ktest (rv)	n1	crates/core/ktest/** kernel/src/ktest.rs kernel/src/panic.rs kernel/src/boot/percpu.rs kernel/src/boot/procfs.rs kernel/src/main.rs crates/fs/** crates/core/mm/** crates/core/percpu/** crates/core/sched/** kernel/linker*.ld crates/core/arch-riscv64/** kernel/linker.ld kernel/src/entry/**
ktest (arm)	n1	crates/core/ktest/** kernel/src/ktest.rs kernel/src/panic.rs kernel/src/boot/percpu.rs kernel/src/boot/procfs.rs kernel/src/main.rs crates/fs/** crates/core/mm/** crates/core/percpu/** crates/core/sched/** kernel/linker*.ld crates/core/arch-aarch64/** kernel/linker-aarch64.ld kernel/src/entry/**
ktest canaries (rv)	n1	crates/core/ktest/** kernel/src/ktest.rs kernel/src/panic.rs kernel/src/boot/percpu.rs kernel/src/boot/procfs.rs kernel/src/main.rs crates/fs/** crates/core/mm/** crates/core/percpu/** crates/core/sched/** kernel/linker*.ld crates/core/sync/** kernel/src/tasks/** kernel/src/rt_smoke.rs crates/core/arch-riscv64/** kernel/linker.ld kernel/src/entry/**
ktest canaries (arm)	n1	crates/core/ktest/** kernel/src/ktest.rs kernel/src/panic.rs kernel/src/boot/percpu.rs kernel/src/boot/procfs.rs kernel/src/main.rs crates/fs/** crates/core/mm/** crates/core/percpu/** crates/core/sched/** kernel/linker*.ld crates/core/sync/** kernel/src/tasks/** kernel/src/rt_smoke.rs crates/core/arch-aarch64/** kernel/linker-aarch64.ld kernel/src/entry/**
ktest slab canary (rv)	n1	crates/core/ktest/** kernel/src/ktest.rs kernel/src/panic.rs kernel/src/boot/percpu.rs kernel/src/boot/procfs.rs kernel/src/main.rs crates/fs/** crates/core/mm/** crates/core/percpu/** crates/core/sched/** kernel/linker*.ld crates/core/arch-riscv64/** kernel/linker.ld kernel/src/entry/**
ktest slab canary (arm)	n1	crates/core/ktest/** kernel/src/ktest.rs kernel/src/panic.rs kernel/src/boot/percpu.rs kernel/src/boot/procfs.rs kernel/src/main.rs crates/fs/** crates/core/mm/** crates/core/percpu/** crates/core/sched/** kernel/linker*.ld crates/core/arch-aarch64/** kernel/linker-aarch64.ld kernel/src/entry/**
irq order: store before mask (rv)	n2	crates/drivers/** kernel/src/drv_supervisor.rs kernel/src/console_mode.rs crates/core/arch-riscv64/** kernel/linker.ld kernel/src/entry/**
irq order: store before mask (arm)	n2	crates/drivers/** kernel/src/drv_supervisor.rs kernel/src/console_mode.rs crates/core/arch-aarch64/** kernel/linker-aarch64.ld kernel/src/entry/**
irq order: canary refused (rv)	n2	crates/core/mm/** crates/core/percpu/** crates/drivers/** kernel/src/drv_supervisor.rs kernel/src/console_mode.rs crates/core/arch-riscv64/** kernel/linker.ld kernel/src/entry/**
irq order: canary refused (arm)	n2	crates/core/mm/** crates/core/percpu/** crates/drivers/** kernel/src/drv_supervisor.rs kernel/src/console_mode.rs crates/core/arch-aarch64/** kernel/linker-aarch64.ld kernel/src/entry/**
ipc: census counters zero	n1	crates/fs/** crates/drivers/block/** crates/drivers/msc/** kernel/src/pstore.rs crates/core/sched/** crates/core/percpu/** crates/core/sync/** kernel/src/tasks/** kernel/src/rt_smoke.rs crates/core/ipc/** crates/core/channel/** crates/core/pubsub/** crates/core/spsc/** crates/core/service/** userspace/** crates/core/abi/** crates/core/syscall/** crates/core/libsys/** crates/core/shell/** crates/drivers/** kernel/src/drv_supervisor.rs kernel/src/console_mode.rs crates/core/arch-riscv64/** kernel/linker.ld kernel/src/entry/**
userspace: reflex reacts	n1	crates/fs/** crates/drivers/block/** crates/drivers/msc/** kernel/src/pstore.rs crates/core/sched/** crates/core/percpu/** crates/core/sync/** kernel/src/tasks/** kernel/src/rt_smoke.rs userspace/** crates/core/abi/** crates/core/syscall/** crates/core/libsys/** crates/core/shell/** crates/drivers/** kernel/src/drv_supervisor.rs kernel/src/console_mode.rs crates/core/actuation/** domains/robot/** kernel/src/panic.rs kernel/src/behavior_*.rs crates/core/arch-riscv64/** kernel/linker.ld kernel/src/entry/**
userspace: reflex COMMANDS	n1	userspace/** crates/core/abi/** crates/core/syscall/** crates/core/libsys/** crates/core/shell/** crates/core/actuation/** domains/robot/** kernel/src/panic.rs kernel/src/behavior_*.rs crates/core/arch-riscv64/** kernel/linker.ld kernel/src/entry/**
safety: actuation gate fails closed	n1	crates/core/actuation/** domains/robot/** kernel/src/panic.rs kernel/src/behavior_*.rs crates/core/arch-riscv64/** kernel/linker.ld kernel/src/entry/**
safety: actuation record reaches the ring	n1	crates/core/ipc/** crates/core/channel/** crates/core/pubsub/** crates/core/spsc/** crates/core/service/** crates/core/actuation/** domains/robot/** kernel/src/panic.rs kernel/src/behavior_*.rs crates/core/arch-riscv64/** kernel/linker.ld kernel/src/entry/**
config: tampered CONFIG.SIG fails closed	n1	crates/fs/** crates/drivers/block/** crates/drivers/msc/** kernel/src/pstore.rs crates/core/sched/** crates/core/percpu/** crates/core/sync/** kernel/src/tasks/** kernel/src/rt_smoke.rs crates/drivers/** kernel/src/drv_supervisor.rs kernel/src/console_mode.rs crates/core/topology/** crates/core/ota/** crates/core/crypto/** crates/core/config/** crates/core/azos-config/** crates/core/arch-riscv64/** kernel/linker.ld kernel/src/entry/**
config: replay refused, lost sig latches	n1	crates/core/topology/** crates/core/ota/** crates/core/crypto/** crates/core/config/** crates/core/azos-config/** crates/core/arch-riscv64/** kernel/linker.ld kernel/src/entry/**
aarch64 config: replay refused, lost sig latches	n1	crates/core/topology/** crates/core/ota/** crates/core/crypto/** crates/core/config/** crates/core/azos-config/** crates/core/arch-aarch64/** kernel/linker-aarch64.ld kernel/src/entry/**
topology: signed set, tampered refused	n2	crates/core/topology/** crates/core/ota/** crates/core/crypto/** crates/core/config/** crates/core/azos-config/** crates/core/arch-riscv64/** kernel/linker.ld kernel/src/entry/**
topology: tampered, verify skipped (canary)	n2	crates/core/topology/** crates/core/ota/** crates/core/crypto/** crates/core/config/** crates/core/azos-config/** crates/core/arch-riscv64/** kernel/linker.ld kernel/src/entry/**
aarch64 topology: signed set, tampered refused	n2	crates/core/topology/** crates/core/ota/** crates/core/crypto/** crates/core/config/** crates/core/azos-config/** crates/core/arch-aarch64/** kernel/linker-aarch64.ld kernel/src/entry/**
aarch64 topology: verify skipped (canary)	n2	crates/core/topology/** crates/core/ota/** crates/core/crypto/** crates/core/config/** crates/core/azos-config/** crates/core/arch-aarch64/** kernel/linker-aarch64.ld kernel/src/entry/**
topology: replay refused	n2	crates/core/topology/** crates/core/ota/** crates/core/crypto/** crates/core/config/** crates/core/azos-config/** crates/core/arch-riscv64/** kernel/linker.ld kernel/src/entry/**
topology: replay, floor skipped (canary)	n2	crates/core/topology/** crates/core/ota/** crates/core/crypto/** crates/core/config/** crates/core/azos-config/** crates/core/arch-riscv64/** kernel/linker.ld kernel/src/entry/**
topology: swapped SCHED.TOM refused	n2	crates/core/sched/** crates/core/percpu/** crates/core/sync/** kernel/src/tasks/** kernel/src/rt_smoke.rs crates/core/topology/** crates/core/ota/** crates/core/crypto/** crates/core/config/** crates/core/azos-config/** crates/core/arch-riscv64/** kernel/linker.ld kernel/src/entry/**
topology: SCHED hash skipped (canary)	n2	crates/core/sched/** crates/core/percpu/** crates/core/sync/** kernel/src/tasks/** kernel/src/rt_smoke.rs crates/core/topology/** crates/core/ota/** crates/core/crypto/** crates/core/config/** crates/core/azos-config/** crates/core/arch-riscv64/** kernel/linker.ld kernel/src/entry/**
topology: wrong device refused	n2	crates/core/topology/** crates/core/ota/** crates/core/crypto/** crates/core/config/** crates/core/azos-config/** crates/core/arch-riscv64/** kernel/linker.ld kernel/src/entry/**
topology: device skipped (canary)	n2	crates/core/topology/** crates/core/ota/** crates/core/crypto/** crates/core/config/** crates/core/azos-config/** crates/core/arch-riscv64/** kernel/linker.ld kernel/src/entry/**
aarch64 topology: replay refused	n2	crates/core/topology/** crates/core/ota/** crates/core/crypto/** crates/core/config/** crates/core/azos-config/** crates/core/arch-aarch64/** kernel/linker-aarch64.ld kernel/src/entry/**
aarch64 topology: replay (canary)	n2	crates/core/topology/** crates/core/ota/** crates/core/crypto/** crates/core/config/** crates/core/azos-config/** crates/core/arch-aarch64/** kernel/linker-aarch64.ld kernel/src/entry/**
aarch64 topology: swapped SCHED.TOM	n2	crates/core/sched/** crates/core/percpu/** crates/core/sync/** kernel/src/tasks/** kernel/src/rt_smoke.rs crates/core/topology/** crates/core/ota/** crates/core/crypto/** crates/core/config/** crates/core/azos-config/** crates/core/arch-aarch64/** kernel/linker-aarch64.ld kernel/src/entry/**
aarch64 topology: SCHED hash (canary)	n2	crates/core/sched/** crates/core/percpu/** crates/core/sync/** kernel/src/tasks/** kernel/src/rt_smoke.rs crates/core/topology/** crates/core/ota/** crates/core/crypto/** crates/core/config/** crates/core/azos-config/** crates/core/arch-aarch64/** kernel/linker-aarch64.ld kernel/src/entry/**
aarch64 topology: wrong device	n2	crates/core/topology/** crates/core/ota/** crates/core/crypto/** crates/core/config/** crates/core/azos-config/** crates/core/arch-aarch64/** kernel/linker-aarch64.ld kernel/src/entry/**
aarch64 topology: device (canary)	n2	crates/core/topology/** crates/core/ota/** crates/core/crypto/** crates/core/config/** crates/core/azos-config/** crates/core/arch-aarch64/** kernel/linker-aarch64.ld kernel/src/entry/**
topology: SIGNED_REQUIRED halts	n1	crates/core/topology/** crates/core/ota/** crates/core/crypto/** crates/core/config/** crates/core/azos-config/** crates/core/arch-riscv64/** kernel/linker.ld kernel/src/entry/**
aarch64 topology: SIGNED_REQUIRED halts	n1	crates/core/topology/** crates/core/ota/** crates/core/crypto/** crates/core/config/** crates/core/azos-config/** crates/core/arch-aarch64/** kernel/linker-aarch64.ld kernel/src/entry/**
topology: DMA pool needs a run, built-in	n2	crates/core/mm/src/pmm.rs crates/core/mm/src/huge.rs crates/core/topology/src/memory.rs kernel/src/boot/topology.rs crates/core/topology/** crates/core/ota/** crates/core/crypto/** crates/core/config/** crates/core/azos-config/** crates/core/arch-riscv64/** kernel/linker.ld kernel/src/entry/**
topology: DMA pool needs a run, signed	n2	crates/core/mm/src/pmm.rs crates/core/mm/src/huge.rs crates/core/topology/src/memory.rs kernel/src/boot/topology.rs crates/core/topology/** crates/core/ota/** crates/core/crypto/** crates/core/config/** crates/core/azos-config/** crates/core/arch-riscv64/** kernel/linker.ld kernel/src/entry/**
aarch64 topology: DMA pool needs a run, built-in	n2	crates/core/mm/src/pmm.rs crates/core/mm/src/huge.rs crates/core/topology/src/memory.rs kernel/src/boot/topology.rs crates/core/topology/** crates/core/ota/** crates/core/crypto/** crates/core/config/** crates/core/azos-config/** crates/core/arch-aarch64/** kernel/linker-aarch64.ld kernel/src/entry/**
aarch64 topology: DMA pool needs a run, signed	n2	crates/core/mm/src/pmm.rs crates/core/mm/src/huge.rs crates/core/topology/src/memory.rs kernel/src/boot/topology.rs crates/core/topology/** crates/core/ota/** crates/core/crypto/** crates/core/config/** crates/core/azos-config/** crates/core/arch-aarch64/** kernel/linker-aarch64.ld kernel/src/entry/**
safety: envelope refuses	n1	crates/fs/** crates/drivers/block/** crates/drivers/msc/** kernel/src/pstore.rs crates/core/sched/** crates/core/percpu/** crates/core/sync/** kernel/src/tasks/** kernel/src/rt_smoke.rs crates/drivers/** kernel/src/drv_supervisor.rs kernel/src/console_mode.rs crates/core/actuation/** domains/robot/** kernel/src/panic.rs kernel/src/behavior_*.rs crates/core/arch-riscv64/** kernel/linker.ld kernel/src/entry/**
safety: envelope RECORDS	n1	crates/fs/** crates/drivers/block/** crates/drivers/msc/** kernel/src/pstore.rs crates/core/sched/** crates/core/percpu/** crates/core/sync/** kernel/src/tasks/** kernel/src/rt_smoke.rs crates/drivers/** kernel/src/drv_supervisor.rs kernel/src/console_mode.rs crates/core/actuation/** domains/robot/** kernel/src/panic.rs kernel/src/behavior_*.rs crates/core/arch-riscv64/** kernel/linker.ld kernel/src/entry/**
safety: estop record is durable	n1	crates/fs/** crates/drivers/block/** crates/drivers/msc/** kernel/src/pstore.rs crates/core/sched/** crates/core/percpu/** crates/core/sync/** kernel/src/tasks/** kernel/src/rt_smoke.rs crates/drivers/** kernel/src/drv_supervisor.rs kernel/src/console_mode.rs crates/core/actuation/** domains/robot/** kernel/src/panic.rs kernel/src/behavior_*.rs crates/core/arch-riscv64/** kernel/linker.ld kernel/src/entry/**
userspace: the brain lies	n2	crates/net/** crates/drivers/net/** crates/drivers/virtio/** userspace/** crates/core/abi/** crates/core/syscall/** crates/core/libsys/** crates/core/shell/** crates/core/arch-riscv64/** kernel/linker.ld kernel/src/entry/**
userspace: unknown packet RECORDED	n2	crates/net/** crates/drivers/net/** crates/drivers/virtio/** userspace/** crates/core/abi/** crates/core/syscall/** crates/core/libsys/** crates/core/shell/** crates/core/arch-riscv64/** kernel/linker.ld kernel/src/entry/**
userspace: ring-3 drives motors	n2	crates/core/ipc/** crates/core/channel/** crates/core/pubsub/** crates/core/spsc/** crates/core/service/** userspace/** crates/core/abi/** crates/core/syscall/** crates/core/libsys/** crates/core/shell/** crates/core/actuation/** domains/robot/** kernel/src/panic.rs kernel/src/behavior_*.rs crates/core/arch-riscv64/** kernel/linker.ld kernel/src/entry/**
userspace: ring-3 reconnects	n2	crates/core/ipc/** crates/core/channel/** crates/core/pubsub/** crates/core/spsc/** crates/core/service/** userspace/** crates/core/abi/** crates/core/syscall/** crates/core/libsys/** crates/core/shell/** crates/core/actuation/** domains/robot/** kernel/src/panic.rs kernel/src/behavior_*.rs crates/core/arch-riscv64/** kernel/linker.ld kernel/src/entry/**
userspace: ring-3 e-stop	n2	crates/core/ipc/** crates/core/channel/** crates/core/pubsub/** crates/core/spsc/** crates/core/service/** userspace/** crates/core/abi/** crates/core/syscall/** crates/core/libsys/** crates/core/shell/** crates/core/actuation/** domains/robot/** kernel/src/panic.rs kernel/src/behavior_*.rs crates/core/arch-riscv64/** kernel/linker.ld kernel/src/entry/**
userspace: ring-3 link encrypted	n2	crates/net/** crates/drivers/net/** crates/drivers/virtio/** crates/core/ipc/** crates/core/channel/** crates/core/pubsub/** crates/core/spsc/** crates/core/service/** userspace/** crates/core/abi/** crates/core/syscall/** crates/core/libsys/** crates/core/shell/** crates/core/actuation/** domains/robot/** kernel/src/panic.rs kernel/src/behavior_*.rs crates/core/arch-riscv64/** kernel/linker.ld kernel/src/entry/**
userspace: ring-3 entropy refused	n2	crates/core/ipc/** crates/core/channel/** crates/core/pubsub/** crates/core/spsc/** crates/core/service/** userspace/** crates/core/abi/** crates/core/syscall/** crates/core/libsys/** crates/core/shell/** crates/drivers/** kernel/src/drv_supervisor.rs kernel/src/console_mode.rs crates/core/actuation/** domains/robot/** kernel/src/panic.rs kernel/src/behavior_*.rs crates/core/arch-riscv64/** kernel/linker.ld kernel/src/entry/**
safety: brain e-stop (tcp)	n2	crates/net/** crates/drivers/net/** crates/drivers/virtio/** crates/core/actuation/** domains/robot/** kernel/src/panic.rs kernel/src/behavior_*.rs crates/core/arch-riscv64/** kernel/linker.ld kernel/src/entry/**
safety: e-stop release requires operator authority	n2	crates/core/sched/** crates/core/percpu/** crates/core/sync/** kernel/src/tasks/** kernel/src/rt_smoke.rs crates/core/ipc/** crates/core/channel/** crates/core/pubsub/** crates/core/spsc/** crates/core/service/** crates/core/actuation/** domains/robot/** kernel/src/panic.rs kernel/src/behavior_*.rs crates/core/arch-riscv64/** kernel/linker.ld kernel/src/entry/**
safety: e-stop authority under link-encrypt-enforced	n2	crates/net/** crates/drivers/net/** crates/drivers/virtio/** crates/core/sched/** crates/core/percpu/** crates/core/sync/** kernel/src/tasks/** kernel/src/rt_smoke.rs crates/core/ipc/** crates/core/channel/** crates/core/pubsub/** crates/core/spsc/** crates/core/service/** crates/core/actuation/** domains/robot/** kernel/src/panic.rs kernel/src/behavior_*.rs crates/core/arch-riscv64/** kernel/linker.ld kernel/src/entry/**
safety: kill switch (gpio)	n2	crates/drivers/** kernel/src/drv_supervisor.rs kernel/src/console_mode.rs crates/core/actuation/** domains/robot/** kernel/src/panic.rs kernel/src/behavior_*.rs crates/core/arch-riscv64/** kernel/linker.ld kernel/src/entry/**
safety: latch survives reboot	n2	crates/core/actuation/** domains/robot/** kernel/src/panic.rs kernel/src/behavior_*.rs crates/core/arch-riscv64/** kernel/linker.ld kernel/src/entry/**
safety: latch record flushed	n1	crates/core/actuation/** domains/robot/** kernel/src/panic.rs kernel/src/behavior_*.rs crates/core/arch-riscv64/** kernel/linker.ld kernel/src/entry/**
storage: journal power cuts	n1	crates/fs/** crates/drivers/block/** crates/drivers/msc/** kernel/src/pstore.rs crates/core/energy/** crates/drivers/power/** crates/core/arch-riscv64/** kernel/linker.ld kernel/src/entry/**
storage: mmc flush (sdhci)	n1	crates/fs/** crates/drivers/block/** crates/drivers/msc/** kernel/src/pstore.rs crates/core/sched/** crates/core/percpu/** crates/core/sync/** kernel/src/tasks/** kernel/src/rt_smoke.rs crates/drivers/** kernel/src/drv_supervisor.rs kernel/src/console_mode.rs crates/core/actuation/** domains/robot/** kernel/src/panic.rs kernel/src/behavior_*.rs crates/core/arch-riscv64/** kernel/linker.ld kernel/src/entry/**
storage: mmc flush canary	n1	crates/fs/** crates/drivers/block/** crates/drivers/msc/** kernel/src/pstore.rs crates/core/arch-riscv64/** kernel/linker.ld kernel/src/entry/**
link auth rejects missing key	n1	crates/net/** crates/drivers/net/** crates/drivers/virtio/** crates/fs/** crates/drivers/block/** crates/drivers/msc/** kernel/src/pstore.rs crates/core/sched/** crates/core/percpu/** crates/core/sync/** kernel/src/tasks/** kernel/src/rt_smoke.rs crates/drivers/** kernel/src/drv_supervisor.rs kernel/src/console_mode.rs crates/core/topology/** crates/core/ota/** crates/core/crypto/** crates/core/config/** crates/core/azos-config/** crates/core/arch-riscv64/** kernel/linker.ld kernel/src/entry/**
link auth accepts valid key	n1	crates/net/** crates/drivers/net/** crates/drivers/virtio/** crates/fs/** crates/drivers/block/** crates/drivers/msc/** kernel/src/pstore.rs crates/core/sched/** crates/core/percpu/** crates/core/sync/** kernel/src/tasks/** kernel/src/rt_smoke.rs crates/drivers/** kernel/src/drv_supervisor.rs kernel/src/console_mode.rs crates/core/topology/** crates/core/ota/** crates/core/crypto/** crates/core/config/** crates/core/azos-config/** crates/core/arch-riscv64/** kernel/linker.ld kernel/src/entry/**
link: rfc-0019 end to end	n2	crates/net/** crates/drivers/net/** crates/drivers/virtio/** crates/core/topology/** crates/core/ota/** crates/core/crypto/** crates/core/config/** crates/core/azos-config/** crates/core/actuation/** domains/robot/** kernel/src/panic.rs kernel/src/behavior_*.rs crates/core/arch-riscv64/** kernel/linker.ld kernel/src/entry/**
link: camera connection	n2	crates/net/** crates/drivers/net/** crates/drivers/virtio/** crates/drivers/** kernel/src/drv_supervisor.rs kernel/src/console_mode.rs crates/core/topology/** crates/core/ota/** crates/core/crypto/** crates/core/config/** crates/core/azos-config/** crates/core/actuation/** domains/robot/** kernel/src/panic.rs kernel/src/behavior_*.rs crates/core/arch-riscv64/** kernel/linker.ld kernel/src/entry/**
userspace: ring-3 GPIO driver	n1	crates/fs/** crates/drivers/block/** crates/drivers/msc/** kernel/src/pstore.rs crates/core/sched/** crates/core/percpu/** crates/core/sync/** kernel/src/tasks/** kernel/src/rt_smoke.rs crates/core/ipc/** crates/core/channel/** crates/core/pubsub/** crates/core/spsc/** crates/core/service/** userspace/** crates/core/abi/** crates/core/syscall/** crates/core/libsys/** crates/core/shell/** crates/drivers/** kernel/src/drv_supervisor.rs kernel/src/console_mode.rs crates/core/arch-riscv64/** kernel/linker.ld kernel/src/entry/**
userspace: minimal Rust ELF	n1	crates/fs/** crates/drivers/block/** crates/drivers/msc/** kernel/src/pstore.rs crates/core/sched/** crates/core/percpu/** crates/core/sync/** kernel/src/tasks/** kernel/src/rt_smoke.rs userspace/** crates/core/abi/** crates/core/syscall/** crates/core/libsys/** crates/core/shell/** crates/drivers/** kernel/src/drv_supervisor.rs kernel/src/console_mode.rs crates/core/topology/** crates/core/ota/** crates/core/crypto/** crates/core/config/** crates/core/azos-config/** crates/core/arch-riscv64/** kernel/linker.ld kernel/src/entry/**
bench: all 49 measurements	n1	crates/fs/** crates/drivers/block/** crates/drivers/msc/** kernel/src/pstore.rs crates/core/sched/** crates/core/percpu/** crates/core/sync/** kernel/src/tasks/** kernel/src/rt_smoke.rs crates/drivers/** kernel/src/drv_supervisor.rs kernel/src/console_mode.rs crates/core/arch-riscv64/** kernel/linker.ld kernel/src/entry/**
userspace: ring-3 driver serves a more urgent client on its hart	n2	crates/fs/** crates/drivers/block/** crates/drivers/msc/** kernel/src/pstore.rs crates/core/sched/** crates/core/percpu/** crates/core/sync/** kernel/src/tasks/** kernel/src/rt_smoke.rs crates/core/ipc/** crates/core/channel/** crates/core/pubsub/** crates/core/spsc/** crates/core/service/** userspace/** crates/core/abi/** crates/core/syscall/** crates/core/libsys/** crates/core/shell/** crates/drivers/** kernel/src/drv_supervisor.rs kernel/src/console_mode.rs crates/core/arch-riscv64/** kernel/linker.ld kernel/src/entry/**
userspace: a crashed ring-3 driver is restarted	n2	crates/fs/** crates/drivers/block/** crates/drivers/msc/** kernel/src/pstore.rs crates/core/sched/** crates/core/percpu/** crates/core/sync/** kernel/src/tasks/** kernel/src/rt_smoke.rs crates/core/ipc/** crates/core/channel/** crates/core/pubsub/** crates/core/spsc/** crates/core/service/** userspace/** crates/core/abi/** crates/core/syscall/** crates/core/libsys/** crates/core/shell/** crates/drivers/** kernel/src/drv_supervisor.rs kernel/src/console_mode.rs crates/core/arch-riscv64/** kernel/linker.ld kernel/src/entry/**
userspace: supervisor restart window	n2	crates/fs/** crates/drivers/block/** crates/drivers/msc/** kernel/src/pstore.rs crates/core/sched/** crates/core/percpu/** crates/core/sync/** kernel/src/tasks/** kernel/src/rt_smoke.rs userspace/** crates/core/abi/** crates/core/syscall/** crates/core/libsys/** crates/core/shell/** crates/drivers/** kernel/src/drv_supervisor.rs kernel/src/console_mode.rs crates/core/arch-riscv64/** kernel/linker.ld kernel/src/entry/**
ipc: ring-3 lessor lends its priority (SYS_IPC_LEASE_WAIT)	n1	crates/fs/** crates/drivers/block/** crates/drivers/msc/** kernel/src/pstore.rs crates/core/sched/** crates/core/percpu/** crates/core/sync/** kernel/src/tasks/** kernel/src/rt_smoke.rs crates/core/ipc/** crates/core/channel/** crates/core/pubsub/** crates/core/spsc/** crates/core/service/** userspace/** crates/core/abi/** crates/core/syscall/** crates/core/libsys/** crates/core/shell/** crates/drivers/** kernel/src/drv_supervisor.rs kernel/src/console_mode.rs crates/core/arch-riscv64/** kernel/linker.ld kernel/src/entry/**
drivers: buzzer	n1	crates/fs/** crates/drivers/block/** crates/drivers/msc/** kernel/src/pstore.rs crates/core/sched/** crates/core/percpu/** crates/core/sync/** kernel/src/tasks/** kernel/src/rt_smoke.rs crates/core/ipc/** crates/core/channel/** crates/core/pubsub/** crates/core/spsc/** crates/core/service/** crates/drivers/** kernel/src/drv_supervisor.rs kernel/src/console_mode.rs crates/core/arch-riscv64/** kernel/linker.ld kernel/src/entry/**
drivers: INA219 power monitor	n1	crates/fs/** crates/drivers/block/** crates/drivers/msc/** kernel/src/pstore.rs crates/core/sched/** crates/core/percpu/** crates/core/sync/** kernel/src/tasks/** kernel/src/rt_smoke.rs crates/core/ipc/** crates/core/channel/** crates/core/pubsub/** crates/core/spsc/** crates/core/service/** crates/drivers/** kernel/src/drv_supervisor.rs kernel/src/console_mode.rs crates/core/energy/** crates/drivers/power/** crates/core/arch-riscv64/** kernel/linker.ld kernel/src/entry/**
drivers: no start flag, no driver	n1	crates/fs/** crates/drivers/block/** crates/drivers/msc/** kernel/src/pstore.rs crates/core/sched/** crates/core/percpu/** crates/core/sync/** kernel/src/tasks/** kernel/src/rt_smoke.rs crates/core/ipc/** crates/core/channel/** crates/core/pubsub/** crates/core/spsc/** crates/core/service/** crates/drivers/** kernel/src/drv_supervisor.rs kernel/src/console_mode.rs crates/core/arch-riscv64/** kernel/linker.ld kernel/src/entry/**
drivers: start=true supervised	n1	crates/drivers/** kernel/src/drv_supervisor.rs kernel/src/console_mode.rs crates/core/arch-riscv64/** kernel/linker.ld kernel/src/entry/**
drivers: start=true supervised, canary	n1	crates/drivers/** kernel/src/drv_supervisor.rs kernel/src/console_mode.rs crates/core/arch-riscv64/** kernel/linker.ld kernel/src/entry/**
drivers: INA219 placed in kernel	n2	crates/core/ipc/** crates/core/channel/** crates/core/pubsub/** crates/core/spsc/** crates/core/service/** crates/drivers/** kernel/src/drv_supervisor.rs kernel/src/console_mode.rs crates/core/arch-riscv64/** kernel/linker.ld kernel/src/entry/**
drivers: INA219 placement canary	n2	crates/core/ipc/** crates/core/channel/** crates/core/pubsub/** crates/core/spsc/** crates/core/service/** crates/drivers/** kernel/src/drv_supervisor.rs kernel/src/console_mode.rs crates/core/arch-riscv64/** kernel/linker.ld kernel/src/entry/**
drivers: restart = always / no	n2	crates/drivers/** kernel/src/drv_supervisor.rs kernel/src/console_mode.rs crates/core/arch-riscv64/** kernel/linker.ld kernel/src/entry/**
drivers: restart key canary	n2	crates/drivers/** kernel/src/drv_supervisor.rs kernel/src/console_mode.rs crates/core/topology/** crates/core/ota/** crates/core/crypto/** crates/core/config/** crates/core/azos-config/** crates/core/arch-riscv64/** kernel/linker.ld kernel/src/entry/**
drivers: buzzer placed in kernel	n2	crates/core/ipc/** crates/core/channel/** crates/core/pubsub/** crates/core/spsc/** crates/core/service/** crates/drivers/** kernel/src/drv_supervisor.rs kernel/src/console_mode.rs crates/core/arch-riscv64/** kernel/linker.ld kernel/src/entry/**
seccomp: renamed image keeps its profile	n1	userspace/** crates/core/abi/** crates/core/syscall/** crates/core/libsys/** crates/core/shell/** crates/core/topology/** crates/core/ota/** crates/core/crypto/** crates/core/config/** crates/core/azos-config/** crates/core/arch-riscv64/** kernel/linker.ld kernel/src/entry/**
seccomp: replaced image is refused	n1	userspace/** crates/core/abi/** crates/core/syscall/** crates/core/libsys/** crates/core/shell/** crates/drivers/** kernel/src/drv_supervisor.rs kernel/src/console_mode.rs crates/core/topology/** crates/core/ota/** crates/core/crypto/** crates/core/config/** crates/core/azos-config/** crates/core/arch-riscv64/** kernel/linker.ld kernel/src/entry/**
riscv64: idle wakeups/s (tickless)	n2	crates/core/sched/** crates/core/percpu/** crates/core/sync/** kernel/src/tasks/** kernel/src/rt_smoke.rs crates/core/arch-riscv64/** kernel/linker.ld kernel/src/entry/**
riscv64: idle keepalive (simulated WDT)	n2	crates/core/sched/** crates/core/percpu/** crates/core/sync/** kernel/src/tasks/** kernel/src/rt_smoke.rs crates/core/actuation/** domains/robot/** kernel/src/panic.rs kernel/src/behavior_*.rs crates/core/arch-riscv64/** kernel/linker.ld kernel/src/entry/**
riscv64: net-poll idle (irq)	n2	crates/net/** crates/drivers/net/** crates/drivers/virtio/** crates/core/sched/** crates/core/percpu/** crates/core/sync/** kernel/src/tasks/** kernel/src/rt_smoke.rs crates/drivers/** kernel/src/drv_supervisor.rs kernel/src/console_mode.rs crates/core/arch-riscv64/** kernel/linker.ld kernel/src/entry/**
rvv: vector path runs	n1	crates/core/sched/** crates/core/percpu/** crates/core/sync/** kernel/src/tasks/** kernel/src/rt_smoke.rs crates/core/arch-riscv64/** kernel/linker.ld kernel/src/entry/**
rvv: vector state isolated	n1	crates/core/sched/** crates/core/percpu/** crates/core/sync/** kernel/src/tasks/** kernel/src/rt_smoke.rs crates/core/arch-riscv64/** kernel/linker.ld kernel/src/entry/**
pci: bus 0 enumerates (riscv64)	n1	crates/drivers/** kernel/src/drv_supervisor.rs kernel/src/console_mode.rs crates/core/arch-riscv64/** kernel/linker.ld kernel/src/entry/**
aia: msix + uart via imsic	n1	crates/drivers/** kernel/src/drv_supervisor.rs kernel/src/console_mode.rs crates/core/arch-riscv64/** kernel/linker.ld kernel/src/entry/**
aia: msix canary (enable off)	n1	crates/drivers/** kernel/src/drv_supervisor.rs kernel/src/console_mode.rs crates/core/arch-riscv64/** kernel/linker.ld kernel/src/entry/**
network: DHCP lease (pci)	n1	crates/net/** crates/drivers/net/** crates/drivers/virtio/** crates/core/sched/** crates/core/percpu/** crates/core/sync/** kernel/src/tasks/** kernel/src/rt_smoke.rs crates/core/ipc/** crates/core/channel/** crates/core/pubsub/** crates/core/spsc/** crates/core/service/** crates/drivers/** kernel/src/drv_supervisor.rs kernel/src/console_mode.rs crates/core/arch-riscv64/** kernel/linker.ld kernel/src/entry/**
network: pci dhcp canary	n1	crates/net/** crates/drivers/net/** crates/drivers/virtio/** crates/drivers/** kernel/src/drv_supervisor.rs kernel/src/console_mode.rs crates/core/arch-riscv64/** kernel/linker.ld kernel/src/entry/**
pci: rx msi wakes net-poll	n2	crates/net/** crates/drivers/net/** crates/drivers/virtio/** crates/drivers/** kernel/src/drv_supervisor.rs kernel/src/console_mode.rs crates/core/arch-riscv64/** kernel/linker.ld kernel/src/entry/**
network: behavior ARP sleeps	n2	crates/net/** crates/drivers/net/** crates/drivers/virtio/** crates/core/actuation/** domains/robot/** kernel/src/panic.rs kernel/src/behavior_*.rs crates/core/arch-riscv64/** kernel/linker.ld kernel/src/entry/**
lat: riscv64 wake-up under load	n2	crates/core/arch-riscv64/** kernel/linker.ld kernel/src/entry/**
lat: riscv64 masked-window canary	n2	crates/core/arch-riscv64/** kernel/linker.ld kernel/src/entry/**
lat: aarch64 wake-up under load	n2	crates/core/arch-aarch64/** kernel/linker-aarch64.ld kernel/src/entry/**
lat: aarch64 masked-window canary	n2	crates/core/arch-aarch64/** kernel/linker-aarch64.ld kernel/src/entry/**
lat: riscv64 periodic-arm canary	n2	crates/core/arch-aarch64/** kernel/linker-aarch64.ld kernel/src/entry/**
lat: aarch64 periodic-arm canary	n2	crates/core/arch-aarch64/** kernel/linker-aarch64.ld kernel/src/entry/**
console: masked window rv	n2	crates/drivers/** kernel/src/drv_supervisor.rs kernel/src/console_mode.rs crates/core/trace/** kernel/src/lat_trace.rs crates/core/arch-riscv64/** kernel/linker.ld kernel/src/entry/**
console: masked window arm	n2	crates/drivers/** kernel/src/drv_supervisor.rs kernel/src/console_mode.rs crates/core/trace/** kernel/src/lat_trace.rs crates/core/arch-aarch64/** kernel/linker-aarch64.ld kernel/src/entry/**
aarch64: idle wakeups/s (tickless)	n2	crates/core/sched/** crates/core/percpu/** crates/core/sync/** kernel/src/tasks/** kernel/src/rt_smoke.rs crates/core/arch-aarch64/** kernel/linker-aarch64.ld kernel/src/entry/**
aarch64: idle keepalive (simulated WDT)	n2	crates/core/sched/** crates/core/percpu/** crates/core/sync/** kernel/src/tasks/** kernel/src/rt_smoke.rs crates/core/actuation/** domains/robot/** kernel/src/panic.rs kernel/src/behavior_*.rs crates/core/arch-aarch64/** kernel/linker-aarch64.ld kernel/src/entry/**
aarch64: tick on the virtual timer	n1	crates/core/sched/** crates/core/percpu/** crates/core/sync/** kernel/src/tasks/** kernel/src/rt_smoke.rs crates/core/arch-aarch64/** kernel/linker-aarch64.ld kernel/src/entry/**
aarch64: PPI 30 canary (no tick)	n1	crates/core/sched/** crates/core/percpu/** crates/core/sync/** kernel/src/tasks/** kernel/src/rt_smoke.rs crates/core/arch-aarch64/** kernel/linker-aarch64.ld kernel/src/entry/**
aarch64: one clock under CNTVOFF	n1	crates/core/arch-aarch64/** kernel/linker-aarch64.ld kernel/src/entry/**
sched-rt: riscv64 band/edf/cbs/admit	n1	crates/core/sched/** crates/core/percpu/** crates/core/sync/** kernel/src/tasks/** kernel/src/rt_smoke.rs crates/core/arch-riscv64/** kernel/linker.ld kernel/src/entry/**
sched-rt: riscv64 band cap canary	n1	crates/core/sched/** crates/core/percpu/** crates/core/sync/** kernel/src/tasks/** kernel/src/rt_smoke.rs crates/core/topology/** crates/core/ota/** crates/core/crypto/** crates/core/config/** crates/core/azos-config/** crates/core/arch-riscv64/** kernel/linker.ld kernel/src/entry/**
sched-rt: riscv64 EDF order canary	n1	crates/core/sched/** crates/core/percpu/** crates/core/sync/** kernel/src/tasks/** kernel/src/rt_smoke.rs crates/core/arch-riscv64/** kernel/linker.ld kernel/src/entry/**
sched-rt: riscv64 CBS canary	n1	crates/core/sched/** crates/core/percpu/** crates/core/sync/** kernel/src/tasks/** kernel/src/rt_smoke.rs crates/core/arch-riscv64/** kernel/linker.ld kernel/src/entry/**
sched-rt: riscv64 admission canary	n1	crates/core/sched/** crates/core/percpu/** crates/core/sync/** kernel/src/tasks/** kernel/src/rt_smoke.rs crates/core/arch-riscv64/** kernel/linker.ld kernel/src/entry/**
sched-rt: riscv64 exemption canary	n1	crates/core/sched/** crates/core/percpu/** crates/core/sync/** kernel/src/tasks/** kernel/src/rt_smoke.rs crates/core/arch-riscv64/** kernel/linker.ld kernel/src/entry/**
sched-rt: aarch64 band/edf/cbs/admit	n1	crates/core/sched/** crates/core/percpu/** crates/core/sync/** kernel/src/tasks/** kernel/src/rt_smoke.rs crates/core/arch-aarch64/** kernel/linker-aarch64.ld kernel/src/entry/**
sched-rt: aarch64 band cap canary	n1	crates/core/sched/** crates/core/percpu/** crates/core/sync/** kernel/src/tasks/** kernel/src/rt_smoke.rs crates/core/topology/** crates/core/ota/** crates/core/crypto/** crates/core/config/** crates/core/azos-config/** crates/core/arch-aarch64/** kernel/linker-aarch64.ld kernel/src/entry/**
sched-rt: aarch64 EDF order canary	n1	crates/core/sched/** crates/core/percpu/** crates/core/sync/** kernel/src/tasks/** kernel/src/rt_smoke.rs crates/core/arch-aarch64/** kernel/linker-aarch64.ld kernel/src/entry/**
sched-rt: aarch64 CBS canary	n1	crates/core/sched/** crates/core/percpu/** crates/core/sync/** kernel/src/tasks/** kernel/src/rt_smoke.rs crates/core/arch-aarch64/** kernel/linker-aarch64.ld kernel/src/entry/**
sched-rt: aarch64 admission canary	n1	crates/core/sched/** crates/core/percpu/** crates/core/sync/** kernel/src/tasks/** kernel/src/rt_smoke.rs crates/core/arch-aarch64/** kernel/linker-aarch64.ld kernel/src/entry/**
sched-rt: aarch64 exemption canary	n1	crates/core/sched/** crates/core/percpu/** crates/core/sync/** kernel/src/tasks/** kernel/src/rt_smoke.rs crates/core/arch-aarch64/** kernel/linker-aarch64.ld kernel/src/entry/**
pifast: riscv64 inversion	n2	crates/core/sched/** crates/core/percpu/** crates/core/sync/** kernel/src/tasks/** kernel/src/rt_smoke.rs crates/core/arch-riscv64/** kernel/linker.ld kernel/src/entry/**
pifast: riscv64 no-donation canary	n2	crates/core/sched/** crates/core/percpu/** crates/core/sync/** kernel/src/tasks/** kernel/src/rt_smoke.rs crates/core/arch-riscv64/** kernel/linker.ld kernel/src/entry/**
pifast: aarch64 inversion	n2	crates/core/sched/** crates/core/percpu/** crates/core/sync/** kernel/src/tasks/** kernel/src/rt_smoke.rs crates/core/arch-aarch64/** kernel/linker-aarch64.ld kernel/src/entry/**
pifast: aarch64 no-donation canary	n2	crates/core/sched/** crates/core/percpu/** crates/core/sync/** kernel/src/tasks/** kernel/src/rt_smoke.rs crates/core/arch-aarch64/** kernel/linker-aarch64.ld kernel/src/entry/**
portwait: riscv64 ring-3 wait	n1	crates/core/sched/** crates/core/percpu/** crates/core/sync/** kernel/src/tasks/** kernel/src/rt_smoke.rs crates/core/ipc/** crates/core/channel/** crates/core/pubsub/** crates/core/spsc/** crates/core/service/** crates/core/arch-riscv64/** kernel/linker.ld kernel/src/entry/**
portwait: riscv64 timer canary	n1	crates/core/sched/** crates/core/percpu/** crates/core/sync/** kernel/src/tasks/** kernel/src/rt_smoke.rs crates/core/ipc/** crates/core/channel/** crates/core/pubsub/** crates/core/spsc/** crates/core/service/** crates/core/arch-riscv64/** kernel/linker.ld kernel/src/entry/**
portwait: aarch64 ring-3 wait	n1	crates/core/sched/** crates/core/percpu/** crates/core/sync/** kernel/src/tasks/** kernel/src/rt_smoke.rs crates/core/ipc/** crates/core/channel/** crates/core/pubsub/** crates/core/spsc/** crates/core/service/** crates/core/arch-aarch64/** kernel/linker-aarch64.ld kernel/src/entry/**
portwait: aarch64 timer canary	n1	crates/core/sched/** crates/core/percpu/** crates/core/sync/** kernel/src/tasks/** kernel/src/rt_smoke.rs crates/core/ipc/** crates/core/channel/** crates/core/pubsub/** crates/core/spsc/** crates/core/service/** crates/core/arch-aarch64/** kernel/linker-aarch64.ld kernel/src/entry/**
lease3: riscv64 seal canary	n1	crates/core/sched/** crates/core/percpu/** crates/core/sync/** kernel/src/tasks/** kernel/src/rt_smoke.rs crates/core/ipc/** crates/core/channel/** crates/core/pubsub/** crates/core/spsc/** crates/core/service/** crates/core/arch-riscv64/** kernel/linker.ld kernel/src/entry/**
lease3: riscv64 expiry canary	n1	crates/core/sched/** crates/core/percpu/** crates/core/sync/** kernel/src/tasks/** kernel/src/rt_smoke.rs crates/core/ipc/** crates/core/channel/** crates/core/pubsub/** crates/core/spsc/** crates/core/service/** crates/core/arch-riscv64/** kernel/linker.ld kernel/src/entry/**
lease3: aarch64 seal canary	n1	crates/core/sched/** crates/core/percpu/** crates/core/sync/** kernel/src/tasks/** kernel/src/rt_smoke.rs crates/core/ipc/** crates/core/channel/** crates/core/pubsub/** crates/core/spsc/** crates/core/service/** crates/core/arch-aarch64/** kernel/linker-aarch64.ld kernel/src/entry/**
lease3: aarch64 expiry canary	n1	crates/core/sched/** crates/core/percpu/** crates/core/sync/** kernel/src/tasks/** kernel/src/rt_smoke.rs crates/core/ipc/** crates/core/channel/** crates/core/pubsub/** crates/core/spsc/** crates/core/service/** crates/core/arch-aarch64/** kernel/linker-aarch64.ld kernel/src/entry/**
bench: vsbench vs Linux	n2	lx/** crates/core/lx-loader/** crates/core/linux-abi/** crates/core/arch-riscv64/** kernel/linker.ld kernel/src/entry/**
network: two-node TCP	n2	crates/net/** crates/drivers/net/** crates/drivers/virtio/** crates/core/arch-riscv64/** kernel/linker.ld kernel/src/entry/**
net: loopback preempted (rv)	n2	crates/net/** crates/drivers/net/** crates/drivers/virtio/** crates/core/sched/** crates/core/percpu/** crates/core/sync/** kernel/src/tasks/** kernel/src/rt_smoke.rs crates/core/arch-riscv64/** kernel/linker.ld kernel/src/entry/**
net: loopback preempted (arm)	n2	crates/net/** crates/drivers/net/** crates/drivers/virtio/** crates/core/sched/** crates/core/percpu/** crates/core/sync/** kernel/src/tasks/** kernel/src/rt_smoke.rs crates/core/arch-aarch64/** kernel/linker-aarch64.ld kernel/src/entry/**
net: loopback canary (rv)	n2	crates/net/** crates/drivers/net/** crates/drivers/virtio/** crates/core/sched/** crates/core/percpu/** crates/core/sync/** kernel/src/tasks/** kernel/src/rt_smoke.rs crates/core/mm/** crates/core/arch-riscv64/** kernel/linker.ld kernel/src/entry/**
net: loopback canary (arm)	n2	crates/net/** crates/drivers/net/** crates/drivers/virtio/** crates/core/sched/** crates/core/percpu/** crates/core/sync/** kernel/src/tasks/** kernel/src/rt_smoke.rs crates/core/mm/** crates/core/arch-aarch64/** kernel/linker-aarch64.ld kernel/src/entry/**
sh: safe mode (rv)	n1	userspace/** crates/core/abi/** crates/core/syscall/** crates/core/libsys/** crates/core/shell/** crates/core/actuation/** domains/robot/** kernel/src/panic.rs kernel/src/behavior_*.rs crates/core/arch-riscv64/** kernel/linker.ld kernel/src/entry/**
sh: safe mode (arm)	n1	userspace/** crates/core/abi/** crates/core/syscall/** crates/core/libsys/** crates/core/shell/** crates/core/actuation/** domains/robot/** kernel/src/panic.rs kernel/src/behavior_*.rs crates/core/arch-aarch64/** kernel/linker-aarch64.ld kernel/src/entry/**
sh: safe mode canary (rv)	n1	userspace/** crates/core/abi/** crates/core/syscall/** crates/core/libsys/** crates/core/shell/** crates/core/actuation/** domains/robot/** kernel/src/panic.rs kernel/src/behavior_*.rs crates/core/arch-riscv64/** kernel/linker.ld kernel/src/entry/**
sh: safe mode canary (arm)	n1	userspace/** crates/core/abi/** crates/core/syscall/** crates/core/libsys/** crates/core/shell/** crates/core/actuation/** domains/robot/** kernel/src/panic.rs kernel/src/behavior_*.rs crates/core/arch-aarch64/** kernel/linker-aarch64.ld kernel/src/entry/**
generic: riscv64 boots, abitest	n1	userspace/** crates/core/abi/** crates/core/syscall/** crates/core/libsys/** crates/core/shell/** crates/core/arch-riscv64/** kernel/linker.ld kernel/src/entry/**
generic: aarch64 boots, abitest	n1	userspace/** crates/core/abi/** crates/core/syscall/** crates/core/libsys/** crates/core/shell/** crates/core/arch-aarch64/** kernel/linker-aarch64.ld kernel/src/entry/**
lx: module loads and runs	n2	lx/** crates/core/lx-loader/** crates/core/linux-abi/** crates/core/arch-riscv64/** kernel/linker.ld kernel/src/entry/**
lx: module tamper refused	n2	crates/core/topology/** crates/core/ota/** crates/core/crypto/** crates/core/config/** crates/core/azos-config/** lx/** crates/core/lx-loader/** crates/core/linux-abi/** crates/core/arch-riscv64/** kernel/linker.ld kernel/src/entry/**
lx: tamper canary (no digest)	n2	crates/core/topology/** crates/core/ota/** crates/core/crypto/** crates/core/config/** crates/core/azos-config/** lx/** crates/core/lx-loader/** crates/core/linux-abi/** crates/core/arch-riscv64/** kernel/linker.ld kernel/src/entry/**
lx: W^X canary (text writable)	n2	crates/core/mm/** crates/core/percpu/** lx/** crates/core/lx-loader/** crates/core/linux-abi/** crates/core/arch-riscv64/** kernel/linker.ld kernel/src/entry/**
lx: default kernel, no server	n2	lx/** crates/core/lx-loader/** crates/core/linux-abi/** crates/core/arch-riscv64/** kernel/linker.ld kernel/src/entry/**
lx: default-off canary	n2	lx/** crates/core/lx-loader/** crates/core/linux-abi/** crates/core/arch-riscv64/** kernel/linker.ld kernel/src/entry/**
aarch64 lx: module loads and runs	n2	lx/** crates/core/lx-loader/** crates/core/linux-abi/** crates/core/arch-aarch64/** kernel/linker-aarch64.ld kernel/src/entry/**
aarch64 lx: module tamper refused	n2	crates/core/topology/** crates/core/ota/** crates/core/crypto/** crates/core/config/** crates/core/azos-config/** lx/** crates/core/lx-loader/** crates/core/linux-abi/** crates/core/arch-aarch64/** kernel/linker-aarch64.ld kernel/src/entry/**
aarch64 lx: tamper canary	n2	crates/core/topology/** crates/core/ota/** crates/core/crypto/** crates/core/config/** crates/core/azos-config/** lx/** crates/core/lx-loader/** crates/core/linux-abi/** crates/core/arch-aarch64/** kernel/linker-aarch64.ld kernel/src/entry/**
aarch64 lx: W^X canary	n2	crates/core/mm/** crates/core/percpu/** lx/** crates/core/lx-loader/** crates/core/linux-abi/** crates/core/arch-aarch64/** kernel/linker-aarch64.ld kernel/src/entry/**
lx: Kbuild xz_dec.ko runs (rv)	n2	lx/** crates/core/lx-loader/** crates/core/linux-abi/** crates/core/arch-riscv64/** kernel/linker.ld kernel/src/entry/**
lx: Kbuild module tamper refused (rv)	n2	crates/core/topology/** crates/core/ota/** crates/core/crypto/** crates/core/config/** crates/core/azos-config/** lx/** crates/core/lx-loader/** crates/core/linux-abi/** crates/core/arch-riscv64/** kernel/linker.ld kernel/src/entry/**
lx: Kbuild fixture canary (rv)	n2	lx/** crates/core/lx-loader/** crates/core/linux-abi/** crates/core/arch-riscv64/** kernel/linker.ld kernel/src/entry/**
lx: Kbuild xz_dec.ko runs (arm)	n2	lx/** crates/core/lx-loader/** crates/core/linux-abi/** crates/core/arch-aarch64/** kernel/linker-aarch64.ld kernel/src/entry/**
lx: Kbuild module tamper refused (arm)	n2	crates/core/topology/** crates/core/ota/** crates/core/crypto/** crates/core/config/** crates/core/azos-config/** lx/** crates/core/lx-loader/** crates/core/linux-abi/** crates/core/arch-aarch64/** kernel/linker-aarch64.ld kernel/src/entry/**
lx: Kbuild fixture canary (arm)	n2	lx/** crates/core/lx-loader/** crates/core/linux-abi/** crates/core/arch-aarch64/** kernel/linker-aarch64.ld kernel/src/entry/**
lx: hwcap (rv)	n2	lx/** crates/core/lx-loader/** crates/core/linux-abi/** crates/core/arch-riscv64/** kernel/linker.ld kernel/src/entry/**
lx: hwcap + zknh SHA-256 (rv)	n2	lx/** crates/core/lx-loader/** crates/core/linux-abi/** crates/core/arch-riscv64/** kernel/linker.ld kernel/src/entry/**
lx: hwcap (arm)	n2	lx/** crates/core/lx-loader/** crates/core/linux-abi/** crates/core/arch-aarch64/** kernel/linker-aarch64.ld kernel/src/entry/**
lx: hwcap canary, CRC32 bit cleared (arm)	n2	lx/** crates/core/lx-loader/** crates/core/linux-abi/** crates/core/arch-aarch64/** kernel/linker-aarch64.ld kernel/src/entry/**
lx: hwcap canary, Zbc bit cleared (rv)	n2	lx/** crates/core/lx-loader/** crates/core/linux-abi/** crates/core/arch-riscv64/** kernel/linker.ld kernel/src/entry/**
